price,income,schools,hospitals,crime_rate,sqft_living,bedrooms,bathrooms,lat,long,waterfront,condition
221958,73088,5,2,3.280962412860844,2706,3,2,47.55533055717528,-122.41069637243129,0,3
771155,146868,2,8,63.60424687799683,4058,3,1,47.64925492806233,-122.49011563952634,1,1
231932,133196,6,4,36.4354238428232,2080,5,2,47.58278464844715,-122.32296177822204,1,1
465838,69811,5,8,29.524180248964214,1461,3,3,47.71930310474184,-122.34275359969158,1,3
359178,144825,5,7,87.94965707281264,4347,2,2,47.52298672059766,-122.41509980937128,0,3
744167,85479,1,5,46.00023955807989,4075,5,2,47.699209909933394,-122.48860720972912,0,3
210268,115392,2,8,9.505304553269278,1375,3,3,47.57126800437033,-122.20162174383341,0,2
832180,117369,8,9,82.6746768026247,2918,3,2,47.64678377831548,-122.35540414395209,0,1
154886,147520,3,5,4.76412574365066,4698,4,2,47.585826976609376,-122.27319872746777,1,1
237337,49963,3,5,72.67492241681967,1501,3,2,47.716830602803235,-122.3643057894846,1,1
621430,85123,8,2,77.39062217706652,5744,1,1,47.78359211207549,-122.48704891274112,1,3
187498,132468,8,5,35.260260592885814,3884,5,2,47.77512303384094,-122.40711977647435,1,3
999159,122705,2,3,82.47878562777868,4566,1,3,47.675027864543225,-122.40396695769823,1,3
275203,103477,8,7,51.56594058564534,3345,5,3,47.63878309097709,-122.2484941287853,1,3
291335,44388,1,5,46.32936532727968,1981,4,2,47.74549015283181,-122.30373100660005,0,4
378167,35569,6,8,4.540328146869255,3801,3,2,47.704997908788314,-122.41737102890816,1,3
141090,99836,8,1,29.002919364890587,1157,3,2,47.555069234265076,-122.20967801360227,1,2
429365,134573,3,3,93.10099708852998,5816,3,3,47.7462757640839,-122.40353745028064,1,4
164820,66586,8,3,39.18239632835,3280,5,3,47.62866531681841,-122.20052979225139,0,4
887201,42015,1,9,54.670052055676834,922,3,1,47.55669569799135,-122.20115089204893,1,3
421879,75002,9,5,53.20216789842518,4181,1,1,47.58453920511894,-122.44263684467597,1,1
818315,146594,9,9,59.04310898226933,4766,3,1,47.5802581090745,-122.40617766514347,0,3
427069,36254,5,9,6.133095564328261,3210,4,3,47.65576209238104,-122.35418674045461,1,1
876997,47144,4,1,36.21762547987283,952,1,1,47.57031102720336,-122.30076979865564,0,3
299041,54214,6,2,72.31282738825541,2897,3,2,47.53706994622047,-122.34158576529886,0,3
891743,135654,7,5,20.056025107298293,2475,3,2,47.537107255184125,-122.20916755926032,1,1
203355,110719,5,4,20.357837754636044,2157,2,3,47.67498285914173,-122.2828032507293,1,1
335796,101774,9,9,1.0090606689024728,3041,5,1,47.72042778665481,-122.4363865451851,0,1
314176,36090,3,7,43.748192660820976,3575,1,2,47.5964599026515,-122.4684707349359,1,1
284779,41637,7,6,88.2734380673422,3664,2,3,47.5103952129442,-122.2934796127872,1,2
447449,52415,5,7,5.190094358730901,3466,4,1,47.538167466081106,-122.45246426794577,0,1
521909,54071,7,1,19.111870949600263,2553,5,2,47.77440836810111,-122.26369694789928,0,3
358795,88243,2,1,31.008453834275507,787,1,1,47.648063097876836,-122.4066889998219,1,3
586232,140951,4,8,73.17247365642129,3717,3,3,47.636071842884554,-122.40193202108333,0,2
600186,138215,2,2,64.06355928025866,4354,1,1,47.51141475349303,-122.49676048228315,1,1
256730,71240,7,9,41.5943904581855,1947,3,3,47.718591106695065,-122.28969661987149,1,3
970910,113807,2,7,75.90689392583757,1107,5,1,47.65842042427962,-122.46601907408059,1,2
484681,131570,1,6,60.96310116569019,5052,3,2,47.560624280825955,-122.26813582676094,1,3
249503,63434,9,1,89.60407996572191,2264,4,3,47.53302212805432,-122.35243965342484,0,2
754811,99724,1,1,81.8026749138693,1725,3,3,47.6150163590896,-122.26471605551363,1,2
627035,145359,8,2,25.281360608920057,1735,4,3,47.751148589258506,-122.32482203824068,0,4
748143,105697,2,6,27.14385776342002,1529,5,1,47.75958836776031,-122.4752700183943,1,4
552366,58732,8,6,12.535647579238562,3171,5,1,47.68085391411869,-122.27030429898845,1,1
165725,41314,3,2,33.69647257174565,4462,1,2,47.71826092816904,-122.47906015453158,0,4
229981,53954,6,1,99.95439187190944,5042,4,3,47.53454673622086,-122.3563894838292,1,2
184654,87108,3,5,40.5751168615061,5430,4,3,47.676437819640356,-122.44829523575652,0,3
691723,117044,7,5,22.04884346891064,3677,2,1,47.700089711046154,-122.27429944660663,0,3
419030,117505,9,2,76.2482884475553,4222,2,1,47.560213852874135,-122.22652263165817,1,1
428947,141195,2,6,54.24710034626561,5406,2,2,47.764046419873075,-122.33376215099251,1,4
655839,133081,5,9,14.960144952695254,5554,3,2,47.5584990212563,-122.34185581171025,1,1
373538,66668,6,2,38.06896811608658,1975,2,1,47.59404320795394,-122.27081104110232,1,2
431236,53061,4,2,41.44697155393433,3396,4,3,47.68616705410704,-122.49847635610728,0,4
628178,109252,4,3,75.38297005692186,1308,3,2,47.691505019539214,-122.22467240720945,1,1
665894,69749,4,7,2.0671368891904462,1478,5,1,47.70981542229621,-122.44076535487267,1,3
589492,134680,2,6,26.901964679831046,2963,1,1,47.53360351392046,-122.20476433485213,1,3
356840,46907,4,8,51.7596301315522,1225,2,3,47.75483932897856,-122.27912381561187,1,1
573254,48777,1,8,26.884674245284334,3001,5,1,47.659854139684974,-122.2677246556898,1,1
449457,123229,6,6,62.84340474189989,3862,4,1,47.64139653823152,-122.30313910588792,0,1
765987,81745,1,3,48.18674792746166,1716,1,2,47.79432928735405,-122.35850104516446,1,2
370936,138464,6,3,36.17102548595806,4551,5,1,47.722113489082304,-122.32851169199165,0,2
339931,121865,1,1,94.92086268705123,2697,1,1,47.535401807985814,-122.48607913419546,1,3
339629,142428,6,7,63.21594991864574,3306,2,2,47.72696175016787,-122.31281214717039,1,2
305041,111818,8,5,12.994137226794123,1278,4,3,47.52857468019186,-122.31217056940389,1,2
798361,53624,2,4,56.00916974433955,1472,1,3,47.5082411687539,-122.23263976077946,0,4
831912,53321,2,4,78.0731853200901,3310,5,2,47.62108776858097,-122.34830309277093,1,2
517113,40488,4,4,70.84896974927973,2623,2,2,47.79807345184576,-122.47685668777419,0,4
168148,52574,3,6,17.20892292952594,1098,2,3,47.552465180858455,-122.40814122385538,0,2
877089,35240,4,8,97.24199990401033,3841,5,3,47.70179330305803,-122.30331117636571,1,3
748531,73221,7,8,44.8813645746606,724,5,3,47.552018819861836,-122.42822234117456,0,1
351995,40478,1,5,15.902500374026129,1340,1,3,47.71743609248751,-122.41584165344338,1,3
778843,85645,6,6,18.019575412814792,2314,3,3,47.65160610047135,-122.25385929509174,1,2
672843,140698,3,4,9.823499218908049,5309,2,2,47.703991513026814,-122.3247040804712,0,1
356508,49262,7,9,80.35181084349344,1606,1,1,47.56086195277427,-122.34744177046792,1,1
903591,148831,2,8,12.203049432184866,624,5,3,47.72368849975615,-122.40446440995827,1,1
996942,82796,2,1,12.512525714174693,3746,1,3,47.79868571788681,-122.2807215892201,0,4
206530,34432,4,2,85.04716147608377,5688,5,1,47.699695150187786,-122.41368446965299,0,3
704365,125257,1,9,34.46040844475596,3431,4,1,47.64804399942186,-122.27888094470676,0,4
922352,94291,3,8,3.085790430807245,5875,5,1,47.776952196585775,-122.47896955591976,0,1
560337,109104,9,3,5.189529951841088,4625,5,1,47.504755552669565,-122.24063759752538,0,3
824839,89399,7,8,14.217044670389555,3471,5,1,47.71897705578574,-122.35013006098723,0,3
905889,109714,7,1,21.339334797568952,2517,3,1,47.76662395504414,-122.36844759499031,1,2
559773,80428,4,4,66.51461942384054,2915,5,2,47.518502375086285,-122.31669297653742,0,4
308261,117731,2,3,15.732628000182824,5090,2,1,47.635019251124724,-122.31274237813112,0,4
864469,30302,4,6,11.8874391177072,3596,2,1,47.561415836185,-122.46038944693301,1,2
441097,112558,6,7,76.47191414762791,2109,1,2,47.669955449676344,-122.27312992305514,1,4
415139,30055,3,4,67.10552838599145,1217,3,1,47.694862887581095,-122.41722151061498,0,1
271829,141317,1,7,43.53242214552362,4061,1,3,47.590786954878624,-122.22851143594903,0,1
371836,38717,8,9,54.9309771480104,1516,2,3,47.63799450090343,-122.25464480097556,1,4
538974,58699,5,2,31.198402032641848,4065,2,1,47.58380184558297,-122.39612018753958,0,2
302283,103686,5,3,48.25004202353607,5933,4,2,47.610817349336536,-122.25767821203979,0,3
296769,97661,4,5,50.66726489827458,5201,5,3,47.54786198700653,-122.39308285021004,1,4
661353,74247,6,3,38.723727117809595,4970,2,2,47.76566783307569,-122.4697156955092,0,3
323165,144049,3,8,90.65722106721627,2460,1,3,47.503003123167744,-122.21143352838229,1,2
723587,46748,9,8,1.6061864981006146,1548,1,1,47.764722755933136,-122.30421939543537,0,3
635822,135113,5,8,78.21712630912462,1857,5,2,47.67150366350492,-122.36317014200122,1,2
587879,34621,3,9,12.438283124132433,3926,5,2,47.599497353253106,-122.38066799454069,1,2
664685,45034,1,4,79.75473605371994,615,4,2,47.7169171376381,-122.40258839972252,1,1
882038,141927,6,5,61.59119156767212,2595,3,3,47.6523256455588,-122.20556572137126,0,1
453531,35126,2,5,84.32780909364024,2301,1,3,47.64973259743228,-122.45957582046073,1,2
363160,35122,3,8,9.751432564089747,2646,5,3,47.53304268487569,-122.40555848232383,0,4
679879,48030,1,7,55.898063409977404,2120,1,1,47.616854807783625,-122.3543507079152,1,1
320884,112838,9,9,50.108788026219706,5280,5,3,47.57231930375702,-122.3566001364837,1,2
123247,114717,8,8,70.61931829633586,3450,2,1,47.504708771678885,-122.35859005467765,1,3
124300,85658,2,2,53.42905518936758,4292,1,2,47.608029889234636,-122.44726485525089,0,3
567281,68638,8,4,54.07345671331042,3441,2,2,47.52694663882768,-122.45652024186715,0,4
707086,97067,9,6,42.95959435760647,5405,1,1,47.577049011317555,-122.42356972410141,1,3
633556,136476,1,2,30.883442400734083,1477,3,3,47.52775498635493,-122.22564215385938,0,3
448951,148033,5,7,48.226436125219216,3566,4,1,47.530282487666916,-122.46608410964964,0,2
374329,135977,8,3,11.849235876840059,5950,2,2,47.55970338832456,-122.27277246898801,0,3
819064,118869,2,3,96.15133389830848,1283,5,2,47.79995477334592,-122.27273548205999,1,3
842139,135186,4,2,71.44107636265983,740,3,1,47.50065524285718,-122.25706887883082,0,3
532315,64674,7,8,95.24671166878468,2053,1,3,47.69160179083612,-122.23401535330319,1,3
616588,65854,3,6,22.672738232996327,5078,2,3,47.54237310940797,-122.42108914673832,1,2
336584,76271,5,1,87.9341020176528,1512,1,1,47.77618844101323,-122.43263215921934,1,3
662332,103688,8,1,80.87899845635384,686,1,1,47.52808986800009,-122.36034830004176,0,4
937646,68518,3,7,67.71524124576736,2381,1,3,47.78651895613787,-122.4204732493744,1,1
476896,141076,4,8,62.502918608520574,5548,4,2,47.68327791624504,-122.27970700330506,0,4
148984,40267,9,5,31.654966526787,5983,4,1,47.500380423074645,-122.30921812697757,0,1
402918,120825,7,5,81.64107849650307,5086,5,3,47.768202159375036,-122.2375036935842,1,4
364712,31062,1,4,50.15154614797338,930,2,3,47.656513540410074,-122.47517850895387,1,1
220151,146664,4,6,7.089157589128536,738,3,2,47.57880092059914,-122.22547499999258,1,1
555808,80448,4,6,31.286316085513,2845,3,2,47.730183753254686,-122.41199541199897,0,1
233767,125462,9,3,93.52970985453275,575,3,2,47.77799966616606,-122.3527916962219,0,1
748663,36229,6,9,85.06802606048463,1856,1,2,47.645107246944036,-122.36841656921811,1,2
803550,86793,9,7,98.19056980765392,5422,4,2,47.59466604233293,-122.27190650466868,1,4
236330,144813,6,1,62.79933826040981,2830,2,1,47.736683537180475,-122.37390000717045,0,1
580754,77915,6,7,24.751007314041196,5186,1,3,47.704535649336535,-122.21693405630518,0,4
401648,34632,5,5,16.281504967686377,2402,4,1,47.766625745125076,-122.22923983520843,1,3
788519,134592,5,5,18.691444060846163,4513,4,1,47.70775420382836,-122.23835165440914,0,1
113986,33596,2,2,1.9795658347254386,5170,2,1,47.57305850166986,-122.47862250020553,0,4
686146,139779,8,4,39.06821109859392,5487,2,1,47.779497774927705,-122.24372258153382,0,2
229312,36168,8,6,19.14276804995425,2559,2,1,47.5314507241618,-122.26550936636704,0,4
112666,138099,1,7,41.16554604567024,640,1,2,47.58038282503205,-122.46894611589816,0,1
400804,37561,8,5,93.49944318387654,2289,5,2,47.65605838231716,-122.46777570236914,0,3
234633,103794,5,9,43.05402095071899,4126,2,3,47.66972260782127,-122.46965085654473,1,4
388998,112152,2,3,87.79844969848348,516,5,1,47.50459317598807,-122.49660022203865,0,3
950937,56734,2,1,60.55047666158765,5682,1,3,47.73417181774628,-122.33540970844163,1,2
728776,36371,6,4,24.71315546613919,4848,5,2,47.608482195527614,-122.2079817125692,1,4
807611,148894,9,9,35.58547592592114,964,3,2,47.62192556230064,-122.36839458913006,0,4
384806,56069,1,4,8.391953582142941,4971,5,2,47.74281086333108,-122.3377727494338,1,2
894824,109905,6,2,33.34625935960105,2327,2,1,47.61378501751826,-122.20960906096902,1,2
130535,42910,9,5,67.7540945503534,3528,1,1,47.51416746294843,-122.42344533136773,1,2
475713,103479,8,3,7.211109292943519,1019,2,2,47.5529319311411,-122.24245892422053,0,1
938688,107735,6,9,20.540140847802935,589,3,3,47.78677095171645,-122.33608285983648,1,1
451279,111264,3,4,38.14410414133115,5315,2,3,47.521121608720755,-122.3291570456011,0,4
921654,53275,8,6,98.20495370159625,3351,2,2,47.6064793602904,-122.39704784283782,1,4
701661,102274,9,2,78.48618229588801,3343,2,3,47.6509537501154,-122.33152469170993,1,4
747972,111449,1,6,73.3486746492104,5225,4,2,47.64798424820157,-122.47805724715651,1,3
589570,130776,9,3,11.619095652544598,2384,3,3,47.501187982903645,-122.27060692821577,1,2
556551,90004,6,9,78.09958936149914,4671,2,2,47.65034881943725,-122.41459367153672,0,4
373109,92981,6,2,78.52688115160151,1425,2,3,47.61513173739322,-122.23371750115182,1,2
124538,114659,4,9,60.110269562432826,4234,2,1,47.79162380064236,-122.38964479161777,1,1
994498,84553,1,5,99.0361781998372,1469,1,2,47.54774772519815,-122.45715276685394,0,2
301664,78447,8,8,32.525390592455196,1594,4,2,47.60624625902785,-122.29123552768945,0,3
591234,64529,2,2,94.12724482418517,3695,1,3,47.625844445526944,-122.45062655658595,0,3
999684,105703,1,6,91.47311149565036,1904,4,2,47.617208061130285,-122.27389584533711,1,2
239182,106090,2,3,1.1480659749377842,3864,2,2,47.699749248295554,-122.20956632907817,0,3
572525,47260,1,5,45.01165264748111,4790,3,2,47.56465385726433,-122.26613413936143,0,3
258338,142581,1,8,97.71042330515733,4482,5,1,47.5663214658442,-122.49326522547061,0,1
284064,33812,9,1,10.312136240807579,4823,5,1,47.718763284550256,-122.32003426358416,0,4
314020,58024,1,5,54.778469438331946,4513,2,3,47.65008715560345,-122.29137679870908,0,3
723094,88656,4,3,97.89575070411041,5056,1,1,47.62454670281719,-122.25236250226112,0,4
997421,146148,6,4,55.549542410586014,5213,3,3,47.550760915503176,-122.4831993073183,1,2
715270,57285,7,2,18.9815302972156,3592,4,1,47.55625816687365,-122.35596765161432,0,2
745914,122436,2,9,58.218323009258974,4659,2,3,47.50316549104477,-122.33938873820848,1,3
219176,146421,6,3,20.444057394954683,2574,3,1,47.527427880658514,-122.44926254120675,0,2
318126,31605,7,2,51.970426289448426,784,3,1,47.66705160840707,-122.40326505708681,0,1
318969,101158,2,9,7.4042217912348,5433,4,3,47.76756193900252,-122.36793348212315,0,3
222409,102303,2,7,60.548266921440465,5426,3,2,47.58614942953917,-122.25003709361266,1,3
647707,57139,7,6,51.67899391281582,1687,1,2,47.59832416776884,-122.22117773017894,0,3
353618,107149,1,1,74.0161368761463,4469,1,1,47.53468168318345,-122.3114731513247,0,2
869598,86138,8,5,63.0700471158785,3465,1,3,47.61658928368213,-122.38151644419357,0,2
150015,148205,3,3,54.96062685307567,4819,3,2,47.511166511370796,-122.42379069466031,0,3
872838,106125,6,1,68.97788492481212,1283,1,3,47.77528020887857,-122.20535944466916,1,4
222096,43918,9,4,14.394191357223086,1449,4,2,47.701933404437355,-122.20509400057709,1,2
731347,115655,6,2,59.535966125860405,4439,3,3,47.797224642817966,-122.2225069155295,1,2
285340,57446,9,2,17.211060282277767,544,5,1,47.764846948803545,-122.26429925503666,1,3
210687,43046,7,3,92.55222078518808,2310,3,3,47.641897178109446,-122.40226613687632,1,4
974371,54818,9,8,6.833410484560421,5066,4,2,47.65590550934511,-122.25489985495071,0,3
511357,130894,2,8,43.03747496907933,2581,5,1,47.557172813955155,-122.37736209481865,0,2
835716,145751,8,7,69.57974776554448,3998,3,3,47.63861180285186,-122.4019680705535,0,3
205878,34324,8,6,45.80222116682587,1329,1,2,47.77090836204784,-122.27654039246012,1,3
827270,106323,2,9,9.209525323290235,2409,2,1,47.51525602709074,-122.47610382171388,0,3
298286,39111,4,4,55.337901612670734,3081,2,3,47.75906704089949,-122.4854311830113,1,4
873290,68110,7,1,64.16319088273545,1191,1,2,47.60228434049278,-122.36561389084565,0,3
874684,46389,4,8,70.37923109905077,4519,2,3,47.76985382952889,-122.36630835975335,1,2
264899,71427,4,7,37.32598144627589,5986,2,3,47.782263971902445,-122.23130675408085,0,3
424767,109579,6,7,56.36599710287622,1431,1,1,47.701259466100566,-122.46215407111366,0,4
961882,58746,6,3,45.06864749389131,5436,1,1,47.6993271359778,-122.46301482176428,0,1
979858,117886,3,4,67.20560387522534,3906,3,2,47.63582630131262,-122.45576421985753,0,4
479989,137141,9,9,58.35569673248185,647,3,1,47.75066206736311,-122.49107912161162,1,3
515515,30117,2,6,52.57562195591349,1532,1,2,47.78848382752998,-122.47848047865553,0,1
143585,142221,6,5,24.952436683824864,1811,4,3,47.732524540101736,-122.3020390399513,0,3
471369,114471,7,3,0.20185177482339167,887,2,3,47.68658102012701,-122.37052470126474,0,4
164044,142613,9,9,17.408167531142926,3621,3,2,47.6820378687464,-122.2709190798736,1,1
542296,43234,3,5,11.706604142416865,2373,2,3,47.754840970475094,-122.2022206844255,0,1
209556,133864,3,5,44.90847450109467,4088,5,1,47.66236112973139,-122.3022895956703,0,3
626981,83441,7,4,61.22581507618447,1415,1,3,47.74115796587464,-122.48486332881396,0,3
981691,30846,4,4,21.308500868480817,2378,4,1,47.65266557655227,-122.46863114057369,0,4
867595,40954,8,1,93.90570959671871,4248,5,2,47.51873328249218,-122.23569877455559,0,3
300235,109239,7,7,0.6682129223887778,777,5,2,47.61518410267124,-122.34175121663252,1,1
125939,143689,5,9,77.23010151653429,2477,5,3,47.63333228730145,-122.25254885218128,1,2
252906,76514,7,3,62.52047695304422,2359,1,3,47.54248517349598,-122.24301629913252,1,2
642335,118236,3,2,37.35548010476819,3536,3,1,47.53074889875676,-122.22169763755015,0,4
388249,127579,2,3,5.048894441240792,3871,1,1,47.66063948489708,-122.21505123835409,1,3
175766,36469,6,1,62.74865717842793,5213,3,3,47.52554309096683,-122.33355226104901,0,4
508923,60105,2,6,38.56135128656481,2682,5,3,47.590883550367025,-122.3976939483232,0,2
515192,72101,3,7,93.62671394132191,5175,5,2,47.72337909278892,-122.21144053769561,0,2
668550,94323,6,2,54.19900748897659,1670,4,2,47.78932965387039,-122.33577807819964,0,3
487261,121922,5,8,93.96515112935082,989,3,2,47.71536117416558,-122.48072418311362,1,1
910208,88067,8,6,22.04836934733041,3025,5,3,47.79778766453586,-122.30716703498204,1,3
785440,79376,9,4,72.57259103641033,1682,2,3,47.70950139138382,-122.3236945748815,1,2
752664,75587,3,5,61.72490208487257,4979,4,3,47.5881383411963,-122.2312621381316,0,1
554589,66976,3,8,73.94082298313118,4758,1,2,47.701615762151604,-122.30404384325266,1,4
237848,134587,3,3,21.466786397253678,2988,4,3,47.71064702955907,-122.39528427266154,1,2
717075,97584,6,3,66.49945162377738,2376,2,1,47.61151809538494,-122.21013228228826,0,4
227948,134537,1,4,49.8040393056869,5808,3,3,47.505314155182816,-122.25951415420539,1,1
679304,108477,7,1,74.28249749063163,2962,1,3,47.71095993543264,-122.31087471448559,0,4
502690,140911,1,9,32.704464415181775,5958,1,3,47.50651002858266,-122.41212243897907,1,2
599046,72533,5,8,89.00570254652526,2130,3,3,47.68935642341802,-122.38793791110571,1,3
551269,31828,8,8,8.430131461135037,5800,4,3,47.54908494662276,-122.299009022771,1,4
121959,31917,4,6,80.7189318791188,787,5,1,47.669681058324414,-122.47840575446101,0,2
760890,50618,5,7,86.13196258150909,4782,4,1,47.65117390761418,-122.42299582250492,1,2
850216,62254,4,6,81.72523113668213,2407,2,3,47.50405409269185,-122.28582971998102,1,1
890180,135292,4,9,51.272639426177605,1661,5,2,47.60885974509853,-122.35599444704661,1,2
328576,146714,8,3,43.83849800307613,629,4,3,47.68032735021889,-122.37928193055568,1,3
637833,77362,2,3,99.62622865248768,2863,3,3,47.754581965569635,-122.45456271327987,0,3
265838,50128,1,3,22.917195121416214,643,2,3,47.76659263415095,-122.36744528965669,0,4
435674,141281,3,3,54.68759658760446,515,2,2,47.64515499100997,-122.26879240877193,1,4
979989,89383,9,9,67.06755253823256,744,2,2,47.71852674618983,-122.42079614617843,1,4
161087,95545,4,4,70.08676358614319,1426,5,2,47.594936372960035,-122.49838043734489,1,4
693128,112180,5,7,20.40246657385787,3678,1,1,47.602655921727596,-122.29944852965471,0,3
218451,117958,2,9,65.39940923398012,2676,5,2,47.55833905575469,-122.20821201867024,1,1
547600,39865,4,7,81.83695664813374,5502,4,1,47.66858443299797,-122.31795203092342,1,4
937437,32219,2,9,5.001857682111222,1386,1,1,47.59436924527821,-122.46402344232186,0,1
539792,69809,2,3,91.15212933253164,840,4,2,47.52531126893155,-122.4037800722966,0,2
139353,146748,4,4,2.950405514520593,2551,1,2,47.70550182599895,-122.23970751558393,0,2
293075,35287,6,8,35.59710324883943,3898,5,2,47.71232596228162,-122.43022957772295,1,4
314283,64387,7,6,1.5813196232962068,4450,2,1,47.607997725633716,-122.31769122895072,0,2
414877,38512,3,5,7.7145168539581865,805,3,3,47.52301701983681,-122.3791986375238,0,1
165318,31342,3,4,91.1168285180079,1407,2,2,47.627889315221026,-122.4376468835741,1,1
865313,93076,6,8,35.48608307461478,3154,5,2,47.63270063741506,-122.2559779319306,0,2
582690,138872,3,1,42.477153042505286,4292,1,2,47.700601265469366,-122.2771506170603,1,4
516880,49216,2,9,21.53443813825526,4542,2,1,47.5946249173776,-122.30152268021222,1,1
691460,147512,8,1,59.70957701867198,1871,5,1,47.70477978393439,-122.42909902291937,0,1
840976,146682,5,8,59.480321467778964,820,4,3,47.76144656252721,-122.47064289918507,1,3
881239,123070,1,4,37.22003918252192,5154,3,2,47.57124581270866,-122.32715220105221,0,4
193264,109767,3,9,33.30348718053984,4559,2,1,47.79367586683597,-122.33389664993817,0,3
870746,127829,8,5,88.49643081805878,5800,1,3,47.61591044114104,-122.44348449719953,0,2
913168,56614,4,3,38.328423964220136,1631,4,2,47.580177605544115,-122.48312599170545,1,2
325281,66258,7,9,49.35009921544082,3078,5,1,47.62645335475309,-122.47578746374181,0,3
737147,123789,2,9,28.330476242493063,4542,3,2,47.528319242771154,-122.20216870404619,1,4
998613,72078,7,4,78.67695033571273,3867,1,2,47.53771177195363,-122.26492483157713,1,1
494070,136288,5,4,39.74481568990916,1317,5,1,47.6243302140905,-122.22340375721045,1,2
452228,113524,5,8,51.36110465443245,5790,5,1,47.72873335658173,-122.44148358332909,0,4
531839,126573,6,2,25.335717005966142,511,2,1,47.770093671872345,-122.21182943910297,1,4
369536,42219,9,9,98.76595923412518,694,2,2,47.69944539721488,-122.45720369455805,1,2
417824,30235,6,6,29.149574092372287,3037,1,2,47.53156586657145,-122.34727545143006,0,2
357426,72929,8,9,77.07425309055516,3342,5,3,47.70160592865416,-122.25109129467488,0,4
277789,97444,7,8,42.74956503567592,2729,2,2,47.69062837621089,-122.39505899364653,1,1
613153,38567,9,7,20.62174050841399,3509,3,1,47.741729175488,-122.37255144004693,1,3
842452,131834,4,1,79.97187639648612,5251,3,2,47.74757459999565,-122.46154446691027,0,2
937291,100792,2,3,33.36067890290432,2577,5,3,47.76046092273369,-122.4631234360003,1,3
225657,95441,7,2,86.5193347397811,4367,2,3,47.62423945437373,-122.3141295325664,1,4
335167,114555,6,5,91.5257184917823,5715,1,1,47.70935931860564,-122.29734028941398,1,3
781669,103698,1,5,85.9823835391276,5373,1,1,47.58047510767669,-122.26680024577534,1,1
580671,147248,9,5,3.500791480680565,943,1,3,47.79980088399505,-122.33299538419547,0,4
819094,35415,9,4,78.73733450051056,797,3,3,47.55260027241306,-122.30627221232162,1,1
170467,66159,2,5,41.133946649914385,5403,2,3,47.50303432949825,-122.49594481849009,0,4
283734,73925,3,3,87.37229201822251,1344,2,1,47.54464261435545,-122.45134878185884,1,1
722794,35951,5,1,63.795426268473875,1515,3,3,47.732761686863235,-122.20452557019493,0,4
209751,117388,5,5,83.36431341439584,1884,1,3,47.63403510295246,-122.47720194810525,1,1
481050,38007,1,9,49.94317698668353,1897,1,1,47.63425007434313,-122.29636353332192,0,4
911774,71832,8,9,53.502550459893286,1053,5,2,47.7865068758835,-122.44717521009049,1,1
792517,88596,8,4,14.438763213366723,2850,4,2,47.77589047240842,-122.28498442426971,0,4
561079,60523,4,3,78.39873586893555,5016,2,3,47.5933584213412,-122.28820287911141,1,1
468452,118861,7,1,41.93896116669716,1769,2,2,47.56271743863426,-122.42974028206358,1,2
206081,116740,3,2,50.00801182715826,1760,2,2,47.754544662980116,-122.41910968023424,0,3
713333,45524,6,8,78.50977140957076,684,4,2,47.77180572131331,-122.30356878591938,0,4
658986,49282,9,1,59.8845400079439,5063,5,2,47.662479076839546,-122.38297418836594,0,1
210078,53930,1,8,20.109872744266745,2910,4,3,47.68882711333513,-122.44163560909003,0,2
967055,30077,5,7,59.023265915089276,5902,1,2,47.57707428540769,-122.28049612036376,0,4
122671,135881,4,8,40.76328579796558,4931,1,2,47.74024080639356,-122.4537557426991,1,4
518400,50611,8,6,46.95255420438627,2709,2,1,47.68963672853471,-122.24330690075652,0,4
455528,46984,1,9,2.8311274402667785,4172,3,3,47.651054053389394,-122.34559914278445,0,3
710490,44060,9,3,21.00293495162816,5183,2,1,47.51803256682352,-122.46828981883621,1,1
151663,112985,6,4,28.103808138102828,2381,3,1,47.77478048875334,-122.2917782999407,0,1
115708,114056,4,6,71.29600078588058,4796,4,3,47.68463542611532,-122.34425108812763,0,4
978338,73303,9,8,1.1492473298115313,1021,1,2,47.55780732840789,-122.41058272846156,0,4
411955,89207,5,5,40.8777261229132,2387,3,1,47.68191583509491,-122.37323818593285,1,4
233883,105046,5,3,92.40268704257329,3052,4,3,47.70323900627199,-122.41049867692375,0,2
418394,59287,5,6,11.188061654912385,4309,1,2,47.65773110100496,-122.42109224927717,1,4
212547,123709,1,4,51.642438821861106,5383,3,3,47.71543052138681,-122.45091747374688,1,3
659042,69711,1,9,78.65223823908471,4655,2,1,47.674436184378585,-122.39116986005875,0,1
851102,41954,8,3,94.25313075201167,5173,2,2,47.784330874609644,-122.42470383810517,1,3
862002,103340,8,4,74.67766395337179,4916,2,2,47.516109123579795,-122.29496965388383,0,4
242483,102101,6,7,72.05655486444061,3979,4,3,47.531873712540865,-122.29483697765102,0,2
758271,101520,4,7,82.64880901957625,5518,2,2,47.552101491086304,-122.34944792723331,0,4
314835,117062,2,4,44.62012209775437,1909,5,1,47.7070513211813,-122.2666166417589,0,4
501896,132974,2,6,80.58445326178331,2194,1,1,47.69367876182494,-122.24759808429819,0,4
184896,48574,9,3,0.7964404745451126,5164,4,1,47.7676176580629,-122.32607006276972,1,4
577095,39184,5,6,92.45610553768049,5697,2,3,47.71986323586517,-122.31431945117097,1,4
171295,49096,4,2,44.33065095171753,1026,1,2,47.65250664626937,-122.41513422706409,1,1
843974,97728,1,8,55.338018786574764,3160,3,2,47.79754953773909,-122.23153923978835,1,3
987121,64016,7,2,25.48822489148823,2672,2,2,47.57983238685079,-122.49273818667324,0,2
373255,41246,3,7,74.25308328404215,5466,1,1,47.74995749793563,-122.39541925916714,0,4
399648,75558,6,9,7.663580647524881,779,5,2,47.62803711165817,-122.28345987353505,1,2
757162,148721,5,1,87.26358025468353,3464,3,1,47.694620541662715,-122.47597314709866,0,1
108155,48381,5,8,82.81168290063428,4477,5,2,47.71818054113573,-122.4450491417715,1,3
566872,66455,5,7,21.60601162447664,3169,1,1,47.6901262261571,-122.32321428164114,1,4
925816,122263,1,6,80.93243982852624,3393,5,2,47.542152190932576,-122.33200189856093,1,1
474705,34018,1,6,78.63577330614815,2251,1,3,47.63288530322438,-122.27832151116071,1,1
671542,41302,3,6,63.2216597753949,4481,1,3,47.668431513379936,-122.25621620827356,0,3
908350,97506,4,9,37.352017689968754,5269,5,1,47.754713127753575,-122.4614261264465,0,4
710269,71157,5,2,27.149875418186788,5747,1,1,47.63309372463957,-122.49448570306743,1,3
654594,84917,2,1,23.178359028935002,2861,2,2,47.775624191441274,-122.29310844410233,1,3
247718,122738,8,6,31.860896276360716,4927,1,2,47.63211226690756,-122.40958246127009,1,2
408987,126646,2,8,90.35584434325304,5769,4,3,47.6646339577789,-122.31220482582462,1,2
745263,113122,9,3,7.764077598878128,4631,1,2,47.73888570488284,-122.45483662358133,1,3
458745,54519,2,1,82.88712762529586,2208,4,1,47.674920305326644,-122.35928798600021,0,2
207512,126809,9,9,34.88900750418236,3186,1,1,47.78806542171485,-122.34867257618097,1,1
247443,117487,7,1,52.15993960113582,3395,1,1,47.698100749154236,-122.32447665508803,1,3
570587,86819,8,3,79.44856336484906,5975,5,1,47.656812836220276,-122.34604899510083,0,4
473616,110910,2,8,88.43765470229712,5035,2,1,47.50707759033424,-122.35129276893139,0,4
757409,101324,7,3,34.4781420072647,3276,2,3,47.6241198692741,-122.40017975380485,0,1
786976,35408,6,4,46.18434812751103,1619,3,3,47.58977452577805,-122.47864592910457,0,4
465871,89379,4,8,41.45160648167923,3488,5,1,47.724431700366246,-122.47314394096095,0,4
475037,55053,7,1,1.3251033503910548,4759,5,2,47.56248330254606,-122.36986651767785,0,3
907364,39446,4,6,29.59428888586566,4743,2,1,47.561566026188224,-122.3932620616537,0,1
217796,30922,2,1,45.918923373256185,694,5,3,47.55685571297121,-122.34515955859766,0,3
391999,128723,7,1,41.10936088804398,1162,2,1,47.53768468394687,-122.40854854922313,0,1
292506,81356,8,8,72.19292275156795,979,5,3,47.593302101101266,-122.2936269725634,1,3
798376,40789,2,4,38.480361722110324,4718,1,3,47.76577663433302,-122.24081355339715,0,3
369544,127720,5,1,48.937644897067024,1923,2,1,47.73247854169178,-122.41034104336394,1,2
480002,96656,1,7,42.96085921323633,5560,2,1,47.720575364892035,-122.4421047976183,1,4
798002,74028,7,5,74.06261488943706,3208,4,2,47.73920104169498,-122.46514582772377,1,1
639439,94484,8,5,86.29723989869625,3675,5,3,47.58082536679887,-122.31512378782875,1,4
690978,62154,6,1,53.18890790075142,4314,5,2,47.766232507225745,-122.36684320265783,1,2
628787,112870,5,6,78.94321941951912,2514,2,1,47.541191012542484,-122.44359528484111,1,1
630583,32336,6,9,29.678668201985058,4289,1,3,47.60090371801467,-122.30405898001244,1,2
488215,133677,2,9,54.13696101572687,5305,1,2,47.6760244356902,-122.45545504509842,1,4
421184,97779,1,8,34.52299536699724,2943,1,2,47.5308715265026,-122.33370978824561,0,3
898615,49029,7,5,41.42009255718303,1411,5,2,47.719039056332925,-122.34185548551243,1,2
522515,89201,7,1,73.24138648126686,5956,4,1,47.61617381446104,-122.27973165964417,1,2
768234,62265,2,9,88.16624823327128,3713,2,1,47.735321699682515,-122.4834671080178,1,3
478480,132916,2,1,12.14953910877654,2864,3,1,47.64786888567538,-122.23363812044461,1,4
132711,142250,1,8,63.46392564873805,4129,4,3,47.5542623573276,-122.28910248215595,0,2
891971,146553,8,5,58.21438075777985,3972,3,1,47.7204285434066,-122.43516220049537,1,4
601157,73872,8,3,11.841503917593188,1180,4,3,47.575643186751684,-122.44497839541708,0,3
284423,76197,1,7,21.189433044010908,5929,1,2,47.647243090380414,-122.37050193575686,0,1
616349,85180,8,7,31.100249473268025,5151,5,2,47.52265998074707,-122.25473040113663,1,2
803714,53710,9,9,16.693107081750146,1109,3,1,47.68535999632361,-122.24711500205827,1,4
757917,59486,4,7,24.372948252434178,2656,4,2,47.69975732986488,-122.34386317235818,0,3
924792,101907,1,3,26.76007988617075,4366,5,1,47.61360226299183,-122.24175674119398,1,3
837378,101895,1,1,33.56738330390596,871,3,3,47.78632683409632,-122.4983668872425,1,2
233272,94435,3,8,74.9390452801159,1115,2,2,47.762250676444616,-122.48944761054052,0,1
867836,70631,5,3,57.19122038506007,2753,4,1,47.712382274721996,-122.22645352190898,0,2
802335,131532,5,8,98.62466719514015,5442,2,2,47.71409562234812,-122.26740042103422,1,4
907789,50103,9,8,41.4735826967471,4638,1,2,47.57572051448265,-122.36478818252489,1,3
743409,94772,2,5,75.3865073836925,1364,2,1,47.697044569326536,-122.2739169605566,1,1
177505,44382,2,1,87.14684213765338,1768,2,2,47.559461879570655,-122.21330816148297,0,4
102869,114291,6,7,67.8978493038042,5974,4,2,47.54320096717595,-122.26837314283561,1,2
881474,131195,9,5,41.1864740417496,1284,1,2,47.799840368260774,-122.2472885998545,0,3
554351,33756,1,8,75.35946307457529,5071,2,2,47.68671277944195,-122.27181802558299,0,2
412252,50609,9,9,20.366713777268487,4678,5,3,47.62929636179716,-122.44953667226994,1,1
736584,144074,9,7,32.75521651801324,5729,3,2,47.58644935686519,-122.24992776710629,0,1
718467,46478,9,7,54.66852550992888,2737,2,2,47.68117613309867,-122.44146735399273,1,1
190272,130978,5,1,57.54093872861483,4554,1,1,47.514878052466024,-122.23221660158676,1,1
138467,69666,9,4,2.2141475472629457,5395,2,3,47.52840429715144,-122.36240503057567,0,1
909760,105683,4,2,94.51141887560087,1435,3,1,47.50985700932212,-122.2969069743067,1,2
977844,129097,2,2,69.662727121739,4480,1,1,47.649750949978795,-122.35082774563581,0,1
580047,130420,6,2,49.57037502318911,2838,4,1,47.68018198875615,-122.47180272117502,0,1
759347,101315,4,4,93.31272344083084,825,1,3,47.518743928407346,-122.4127833077138,1,3
158871,107834,6,1,43.90955652508285,2034,4,1,47.716367340249676,-122.2048804438009,1,1
228391,44153,3,4,98.04355702703718,3980,1,1,47.56911852145437,-122.21178557449906,1,3
539430,139415,6,2,51.22847572434851,4361,3,1,47.70556043613096,-122.40385393070333,1,3
710704,106325,2,5,11.428576999797945,2485,3,2,47.79456914201057,-122.20111095872643,0,3
956703,139701,2,3,76.48009724592772,5432,1,1,47.70733176101616,-122.24633464135093,0,2
930496,42999,9,8,67.88977250778404,5103,2,3,47.76495791587708,-122.31671215017033,0,2
356687,85318,7,4,77.29867213055867,3278,3,3,47.784459552022916,-122.4879626139217,1,4
825451,30814,3,1,95.1442028725681,1770,4,2,47.64602531450569,-122.22956595113848,0,4
207450,145033,1,1,77.64893026510181,1140,4,3,47.71069749382591,-122.3327712162207,0,3
271890,106077,8,3,61.133660221664684,5203,5,3,47.75559077606675,-122.23945715463917,1,2
538741,120474,6,9,85.7308902360841,4578,4,2,47.60698267386231,-122.24967126402828,1,1
381974,32443,7,7,67.32464393545315,5161,5,1,47.57841919496812,-122.25009813543967,1,4
500109,105993,9,2,40.81190568259231,1867,1,2,47.7839795718335,-122.29054784178552,0,2
216381,105916,5,9,88.56197642417733,4542,1,1,47.717891050110644,-122.41257545839719,1,1
573125,103319,1,2,22.190046078437287,3075,1,1,47.56590464001275,-122.39915192267665,0,1
671621,139777,7,3,71.46412749087241,4103,2,3,47.634725017802836,-122.4074592362252,0,2
234508,47368,5,2,88.1563454940757,2081,2,2,47.73893553086134,-122.49398620014023,0,4
829650,45328,3,3,73.13165197032963,2486,5,3,47.66411889727553,-122.32522932723556,0,2
962645,86942,9,6,69.72754190538569,2740,4,3,47.69498562944977,-122.2903498988662,0,4
499111,121751,1,9,75.26382940718361,4466,4,1,47.72613046061351,-122.24384020194245,1,3
250810,129131,1,9,46.50552483006444,2605,1,3,47.68660275664269,-122.45795036998518,0,2
392890,57306,1,7,87.4170682157026,628,3,2,47.662023796576655,-122.33674505530696,1,2
673665,115451,3,3,20.34364751360912,5301,2,3,47.72488428531633,-122.49759755779786,0,4
940477,69915,6,4,12.73864160003393,4496,2,3,47.71826891062966,-122.47147190568678,0,4
460032,67219,3,6,28.550878011851154,1351,1,1,47.688961720054955,-122.4837364767382,1,2
469599,110879,8,5,53.157739677499315,4603,2,2,47.60793682401458,-122.28235658979536,0,1
760960,141939,2,2,51.05617954093381,2576,1,3,47.62174362766008,-122.47568213083672,0,1
850020,94644,9,6,82.05987576765867,5731,5,1,47.79113156466523,-122.28506410553237,1,1
979611,90279,3,3,40.45686564040174,3494,4,3,47.533715779687455,-122.42511258867682,1,3
271836,83028,5,8,48.434442629150865,4244,3,2,47.58055147517585,-122.23668611179092,0,3
829903,134263,8,2,1.3367683259395635,3256,4,3,47.6477205277613,-122.25605500349086,0,4
145714,30126,2,1,40.973923644293905,2144,4,3,47.75101890584313,-122.21265093475742,0,3
727234,82329,6,9,64.77742329503421,4871,5,1,47.54910269911892,-122.23487139536259,1,1
996048,57632,5,3,1.5508330626592182,3644,2,3,47.58308638543738,-122.2200011742651,0,2
730271,137099,9,1,28.088196518624375,742,3,1,47.519739465338574,-122.242377281046,1,3
566960,95310,5,7,20.795635928938992,4585,2,2,47.711795579815245,-122.29198542981554,1,3
811851,139945,2,5,4.198542890958823,670,4,3,47.57146283064269,-122.44892225436237,0,1
224123,85176,5,5,47.92600899145375,1152,1,2,47.616602425201286,-122.41848774434378,1,3
405628,149797,4,1,18.17232932281565,4012,4,2,47.6331104341089,-122.43618191016093,0,4
182989,116066,7,9,74.30815396313801,5705,2,3,47.76739418068193,-122.31892426370254,0,2
398356,135500,6,7,84.79278837633485,1999,4,1,47.62339908709937,-122.34891401860791,1,1
929957,74327,2,8,54.55851826691478,2599,1,2,47.54356750597457,-122.23987600085248,1,4
278274,98904,5,9,98.17073425211416,2658,5,2,47.657294481502035,-122.21419814005029,1,1
787995,33797,7,6,45.04785714705953,2472,2,3,47.788887398394586,-122.37854203311456,1,4
425352,77882,7,5,51.33682102249155,4425,4,3,47.68230569231524,-122.34809483401575,1,2
920260,43718,5,6,98.92177539577501,5662,2,3,47.79501616613817,-122.20854509295876,1,2
511927,64560,9,2,23.154843596504882,2758,5,3,47.752332192681656,-122.41712831751306,0,4
889852,106589,4,4,94.25459396769052,4539,4,3,47.510789726864026,-122.26228276739236,0,4
983184,52116,3,3,4.283755511911325,2535,4,3,47.69751987861311,-122.43242802929943,0,4
231373,66244,4,7,44.638689026319476,3771,2,1,47.586030063267366,-122.29556196537241,1,4
538452,131721,5,9,7.000351213306577,1357,2,2,47.667885056693414,-122.42391531170843,1,4
215294,31645,6,5,72.9234742913643,4323,1,1,47.58380355727937,-122.23487998335058,1,4
559451,77523,3,6,60.84089358800178,1549,5,1,47.60466112498159,-122.331556616879,0,2
748307,147718,2,2,70.66342634675964,4490,1,3,47.77695061352625,-122.44421990773769,0,4
165726,49256,4,3,37.4480399968017,798,4,2,47.56199295546751,-122.43268924729045,1,3
241564,131376,5,3,36.94819340313803,1423,2,1,47.76223273540775,-122.35184524128758,1,2
477812,130158,4,9,4.53192789608946,4732,4,3,47.50913734242115,-122.21151939232755,1,1
368246,83173,3,7,34.99449395296398,5639,4,3,47.52726296151089,-122.2691073508349,1,2
805696,67430,8,8,92.92884022620595,4806,3,2,47.75640251241528,-122.35350710715225,0,1
218015,69282,4,9,37.9226537180449,3299,3,1,47.689166809272756,-122.39868425663134,0,1
840674,149719,2,6,83.13677062219699,5375,4,1,47.72417084141186,-122.33521945199547,0,3
354079,93374,2,4,84.2325504749934,5826,2,1,47.562825301246555,-122.27549174997142,1,4
650929,98244,1,1,37.324115637923384,4562,4,3,47.66112503667703,-122.26482142346416,0,4
789944,41694,4,8,63.19886803961891,4545,3,2,47.72116576707139,-122.40261736057091,1,2
788105,86264,9,7,9.537160227305863,2302,2,2,47.688194241103076,-122.28365221953584,1,4
613758,105060,7,2,10.36785807342765,3213,4,1,47.64150963006736,-122.30266336598915,1,3
465890,127416,7,8,4.865766366171331,5661,5,3,47.78793513593131,-122.21226631240111,0,2
545101,87545,7,5,58.10150933751095,5006,5,1,47.70284720003603,-122.2206729128476,0,2
136631,148195,8,7,42.607097762609705,3353,4,2,47.77232524007237,-122.26318620231893,1,2
866577,69224,1,4,54.80323566642401,3157,2,3,47.718931153472106,-122.28298159334352,0,4
172991,132516,8,5,52.10731905083878,5022,4,1,47.7206390585793,-122.41778752308872,1,4
104014,127945,4,8,35.02029910907303,3846,4,1,47.5240054809273,-122.24621042317044,1,4
373237,43224,4,1,67.7473414823473,1971,3,3,47.60783938655618,-122.371748288886,1,2
118070,70738,4,1,75.85018809163907,3449,5,2,47.757510822015895,-122.41832783724819,0,2
922209,55150,6,4,1.4628258877675715,1441,3,3,47.56978115864462,-122.38475177261397,0,1
156958,93731,7,3,20.72422997688783,2407,3,1,47.53465175984694,-122.24921935299506,1,1
182074,79688,6,2,71.32358680833369,5337,4,1,47.597831816991636,-122.45541003532664,0,4
635017,129929,1,3,38.66201726338342,5988,3,1,47.56613136546778,-122.36315237766405,0,2
855073,138618,8,1,66.24839469416082,1743,5,1,47.777586458437945,-122.35229272164115,0,4
276089,103509,7,1,34.696265973455844,5851,3,2,47.760389992600636,-122.48901109072035,0,4
297392,38577,6,6,39.07551523296371,4923,5,2,47.64990496908487,-122.44127619113556,1,1
258823,38070,6,5,15.867887368968493,1966,3,1,47.51840316234516,-122.25197727142725,0,3
730152,38666,5,8,25.823101966616,4457,5,2,47.714368703827944,-122.25076978342157,1,4
493002,87761,6,2,60.541175750758725,2466,3,2,47.687023519400874,-122.41227547483473,1,3
833429,66368,9,4,43.31631113151664,875,3,2,47.79116640121855,-122.23753082962062,0,3
598863,36783,9,8,77.43026829445951,762,2,1,47.66768597208111,-122.2684651182795,1,2
467654,141530,8,6,85.25849549383427,4862,5,3,47.600918117020875,-122.37462775486138,1,2
679036,71914,9,1,54.164641821675986,3888,5,3,47.655706508073564,-122.2754780966785,0,4
630089,100507,8,4,75.82672920560591,3895,5,3,47.793778987421355,-122.21159961064156,1,1
250262,109026,8,1,30.690451319457,2444,1,1,47.708908729759905,-122.3623090845804,1,1
542905,145893,1,2,41.49712154000782,2393,3,2,47.701592841378115,-122.42847184631395,0,4
335362,141255,5,5,71.2777676216831,4134,5,2,47.57220447691776,-122.21745504998495,0,4
544209,140616,4,8,38.62119928170307,2152,1,1,47.723080755268185,-122.31887671343102,0,1
653880,97526,2,8,58.85049351589888,4641,2,1,47.72508154884153,-122.46842045125587,0,3
897079,100835,8,3,18.53727790825115,4392,5,3,47.59518669513277,-122.328195155243,0,4
764076,75765,3,4,59.9771314970498,1099,5,3,47.645114149717216,-122.34982573316552,1,3
319963,49956,4,6,86.15137072268936,5315,1,1,47.58838099988213,-122.24332333177733,1,4
580761,117895,7,3,86.86396398234257,2412,3,3,47.57761152109728,-122.34079144307094,0,4
348710,76240,9,2,72.43444063295397,1792,2,2,47.50776882107485,-122.42343026969671,0,3
320984,67148,2,6,74.5753379076126,1100,5,1,47.585563523396,-122.29730678084053,1,3
997059,124270,3,5,55.79274451507007,880,3,1,47.66619098496348,-122.33722736423933,0,1
956748,34757,4,5,58.466809016582474,4713,2,2,47.50048035626471,-122.43008661151994,0,4
882355,49097,1,5,13.3650581410518,4137,4,2,47.5849657251429,-122.32791164261712,1,2
364512,40395,7,5,44.38591884213011,2663,4,2,47.76442309969697,-122.2535393266331,1,2
701863,46241,2,3,45.077628388636384,4855,2,3,47.67809457553221,-122.49142872468279,1,4
368799,133892,5,7,95.84978356677402,1598,1,1,47.68235884722429,-122.31074468840647,0,4
337549,57696,1,6,43.108686262328945,865,2,3,47.6210092915079,-122.39512444126468,1,4
694319,145654,3,4,54.934264490275766,3070,2,2,47.70294164304772,-122.41219856627217,0,3
584299,100480,2,2,53.32513992791025,3919,1,3,47.55697982986911,-122.38222367489166,1,2
712210,76163,1,9,63.67617170443272,2976,1,2,47.74562404311526,-122.3973932007256,0,2
548982,49816,7,1,74.82328313318959,1290,3,3,47.53500673598077,-122.25032826798747,0,2
224046,79840,5,4,22.50418761708721,4069,3,3,47.69680040639593,-122.41756065676964,0,4
506619,132547,1,1,52.87244190984357,1246,1,2,47.60234479774591,-122.28005409306803,1,3
132097,82853,6,6,82.59177073160305,812,4,3,47.72425389117474,-122.47178205393142,1,4
766326,54917,5,4,46.31147138375115,5133,4,1,47.664929365379805,-122.21458108825468,1,1
749150,126731,3,5,27.845754637357302,1420,2,3,47.63570591154361,-122.31330500882544,0,1
330229,51566,7,5,65.4709075356299,1577,5,3,47.550826720627974,-122.28798442688664,1,2
218834,105452,9,9,82.3767395799123,3329,2,1,47.6910464392853,-122.41058820037166,1,4
193848,92823,9,1,6.314029292739132,2881,2,2,47.79243095302612,-122.37637102938757,0,1
152921,50806,9,2,77.67904834072272,4118,5,1,47.747681027472105,-122.4328664841187,0,1
805086,105520,2,6,82.16479329617712,1297,1,3,47.5180024577767,-122.22023917425933,1,4
750429,31759,3,5,46.15229275886068,4943,4,2,47.612868813508356,-122.35356866586959,1,3
805660,71949,7,7,98.33056568184674,772,2,3,47.77767490275708,-122.3108655653026,1,4
384821,122374,5,3,78.6708340707309,3510,5,3,47.650913124267106,-122.27971839084078,0,4
155609,32482,2,3,77.36625648956658,5315,3,1,47.69863354774245,-122.38866817267014,1,3
327897,54442,3,2,74.78385744120718,2273,2,1,47.773779803677414,-122.28396950363826,0,2
131024,63719,6,3,15.0608103218274,3047,4,2,47.76213840712596,-122.2972022530731,0,2
170313,88066,7,1,21.723088645301083,3664,1,2,47.65054611266215,-122.28830219983782,1,2
489957,123501,9,5,46.3990131464425,5280,2,2,47.63129389079728,-122.35323102993861,1,3
284078,32079,1,5,26.400434995946586,5217,2,3,47.60190778554387,-122.38511878531251,0,1
457429,32717,7,7,41.52409723340404,1446,5,1,47.71570583294886,-122.4333753435373,0,3
561243,89676,8,4,88.84641099229206,3165,3,1,47.586096039841465,-122.25261209415973,1,4
213632,57952,3,3,82.43268918792693,1006,3,1,47.57496628192927,-122.3174949860405,1,3
351451,116444,4,1,63.003987847998225,743,1,2,47.606874968381135,-122.36669434117076,1,1
103051,72460,6,8,85.81203942511036,1005,4,1,47.553164517063635,-122.21680122798682,0,1
804107,120397,7,3,78.37723890172492,5017,1,1,47.708535944783726,-122.48564835624789,0,4
476836,102847,4,2,42.89849318408905,3658,2,1,47.68487219479918,-122.24494841643849,1,2
711523,123607,8,4,20.106515204994512,4090,2,2,47.644863560234754,-122.2007252221162,0,1
821772,119106,5,3,51.42010400093392,2372,3,1,47.617097733778465,-122.23391736673514,0,1
289407,48449,1,1,73.622888252855,4293,4,2,47.77271876286902,-122.25686902431532,1,1
549395,63536,4,3,43.641959872959305,1692,5,1,47.50873713549673,-122.3877082019781,0,4
562894,94077,3,2,66.67719097838972,4925,4,1,47.73073232305219,-122.43060574532132,1,1
311810,68258,9,8,9.432742629104363,5245,2,1,47.770572871524664,-122.27954484385012,1,2
827975,78302,8,6,74.80047363714034,1964,5,2,47.63390637382898,-122.40862739011342,0,4
173523,58865,1,9,81.2713619893062,890,4,2,47.665207147441194,-122.44718809535351,0,2
860463,36645,6,8,70.68378557805411,4976,4,1,47.78333910636461,-122.26404223386892,1,1
194476,149771,9,3,96.72635875263656,3877,5,3,47.563683254585655,-122.40623690432898,0,1
333841,68000,7,5,82.66520574606405,5337,2,2,47.656040454335404,-122.2256674811538,1,2
903451,56737,4,7,90.30937278765383,5415,4,2,47.64241633813846,-122.24781020655426,0,4
970045,41485,1,5,93.3571083457648,1172,5,1,47.57751779436111,-122.24570790114723,0,4
322866,68565,2,8,80.13479918738085,3060,2,3,47.74557796911193,-122.26852908218325,0,2
186672,55522,5,5,67.4258842006499,1711,5,1,47.76988017842897,-122.23573557286758,1,1
698135,149614,5,1,0.5718581360789288,1429,5,2,47.73457977393646,-122.25827593234656,0,3
444894,95155,8,5,46.58257532231247,2039,4,2,47.55860768825458,-122.31924659092758,1,2
834994,85168,6,4,57.1162298622361,1412,2,1,47.526024590650415,-122.41125318442545,1,2
128251,82487,8,6,30.40302724479996,1143,4,1,47.6816333455916,-122.23353724203575,1,2
727769,42342,2,3,31.810444690347207,5022,1,3,47.517128428152965,-122.24781891316805,0,1
474710,70806,3,5,96.11594157101652,1001,1,3,47.701847766567425,-122.35813620333684,1,4
650233,78770,6,2,89.17108652027459,1229,2,2,47.659127266098174,-122.48827639419942,1,1
977284,108623,3,6,84.91790055017042,1783,5,3,47.698835719823094,-122.30843688177943,0,2
132217,133177,6,6,40.60118017061106,2618,4,3,47.67705123209492,-122.48482094389702,1,1
108308,129785,6,5,1.3698550408914545,5052,4,2,47.62681077085815,-122.22211601144548,1,1
368093,105629,2,6,8.022224645571407,4886,2,2,47.56026315404207,-122.21151062301242,0,2
283062,82603,7,7,31.219636821760368,4336,2,2,47.591710640743145,-122.44315295623012,1,1
494366,142726,2,5,1.5742912995676983,1419,1,2,47.657350172265694,-122.29708318658354,0,3
844840,111974,6,1,1.7149781915198115,4550,3,1,47.69556042809428,-122.47231929863118,1,1
200235,135947,1,8,91.6603301642411,2839,2,2,47.733844905065354,-122.28114492142807,1,1
174740,56399,3,4,70.61585021190541,1255,3,2,47.73015121553472,-122.39581370015419,0,4
478496,115382,2,9,30.895599006815267,5902,2,2,47.79180662297832,-122.29568496648086,1,4
953049,111244,7,6,13.264457760095317,2369,5,3,47.58575243459902,-122.38813704723935,1,2
850201,139575,4,1,51.163571789507714,4972,5,2,47.52133321246403,-122.45632974705003,1,2
903328,145520,8,3,0.5346160854364457,5775,1,1,47.603697080662556,-122.37816700584924,0,4
277247,140904,6,3,93.8413743858144,1007,1,1,47.72298834256722,-122.46619794200956,0,3
763165,106534,4,4,41.48151193889472,1936,3,2,47.631433495309984,-122.32693501750691,0,1
629525,85106,5,6,40.233495523733275,3075,2,1,47.745336529176825,-122.48771454035516,0,3
120056,142599,9,7,39.059360758178215,3926,4,3,47.6647979095558,-122.34180409612004,0,3
276615,60678,7,4,6.932833038776476,1058,1,2,47.77893751678915,-122.23408940587134,1,4
287628,106218,9,6,63.83222397918266,3602,4,1,47.78435903259972,-122.2486380189642,0,2
738836,93230,7,1,73.30036196283534,5016,4,1,47.52079135180563,-122.23516549011205,0,1
473632,144684,1,8,67.61253975882903,4122,2,2,47.63692403191373,-122.22338535936187,0,2
234415,104055,8,7,13.843549332939432,4899,3,1,47.682906718374866,-122.46864163363729,1,3
506716,86373,4,9,57.884016803559255,5537,2,2,47.57676176224366,-122.46137583913729,1,3
546438,61480,3,3,56.948448417225386,4557,1,1,47.62212303381369,-122.33289795810606,0,2
653663,115230,7,2,86.8410787941382,4215,4,3,47.70330446233531,-122.23180819947267,1,2
765022,98836,3,1,37.9127658375647,1801,2,1,47.56802026806951,-122.2076951630428,1,4
641252,102258,8,3,37.148594365943424,5685,2,1,47.680594405892336,-122.486121424798,1,2
737717,69986,6,5,61.85270587181856,2655,2,2,47.70923434844929,-122.3932677747398,1,2
352764,54160,5,2,63.3072653499513,1192,1,1,47.52714889332876,-122.436131723602,0,4
814998,115595,4,3,46.92852273257904,4850,3,2,47.64925879480823,-122.27321024532063,0,2
566882,131358,8,4,44.30593623304211,1978,2,3,47.57892400897725,-122.3079418394389,1,3
840427,109111,8,7,49.41476706378827,756,1,2,47.71731590679941,-122.46403359055485,1,2
612153,94929,1,3,86.10452995033118,2930,4,2,47.556866652561084,-122.35494337979051,1,1
167215,103506,9,9,46.116690125391,941,5,1,47.76767137466143,-122.29436784328861,1,3
955474,64911,5,8,93.99317919698224,2381,1,3,47.629282400955496,-122.26629838182279,0,4
244356,117127,4,4,50.4003763596326,3146,5,2,47.55940090909227,-122.4939841870648,1,3
303861,61821,6,1,94.92006931808913,5709,2,1,47.6314065389051,-122.23285912780483,0,4
455612,105039,6,1,83.28319018690758,4320,2,1,47.622623128842555,-122.32921558511484,1,1
554605,90535,2,1,36.243132261582915,5177,1,2,47.62867568784811,-122.25642726551203,0,1
109435,143453,8,1,86.3641421296616,2235,5,1,47.67566838804923,-122.25761859099572,1,3
547556,114458,7,8,11.006328420111522,4235,2,2,47.65635211747406,-122.44304420191871,0,2
799438,42175,1,3,92.50471753430145,3145,4,2,47.54493313950427,-122.4669483639239,0,3
965264,149235,5,6,63.164351508289165,518,3,2,47.51967372179399,-122.28361381930786,0,3
675581,84771,6,3,5.439074852231118,1624,3,3,47.71882463461796,-122.45307192435351,1,1
178781,136660,4,5,64.42567236508116,4485,2,2,47.66791523077849,-122.24501875257859,0,4
291475,116925,2,7,97.42476541447562,3154,5,1,47.60770023042378,-122.28214315484136,1,3
260196,143374,4,2,6.9800654614628925,5976,2,3,47.74250734674942,-122.24745239069043,0,2
326507,96358,1,6,55.46877097800863,2580,5,1,47.616417542278285,-122.4102961961172,0,1
406063,47327,7,6,74.77943497593725,2047,4,3,47.73878952688018,-122.40502058187683,1,3
864121,77057,2,3,81.02585866995314,1361,5,3,47.59172683825371,-122.29863353309611,0,3
876665,36150,2,6,41.38274653207959,654,2,3,47.52185358926356,-122.49056621348231,1,2
790607,34425,9,5,20.4166559168243,3994,4,3,47.77979190813998,-122.28205097609877,1,3
221172,46032,5,2,4.234227877238384,1404,1,1,47.61836533878441,-122.24926507874362,1,3
456902,32198,2,9,57.972615709722476,1769,3,2,47.73780777185481,-122.37545092401876,1,3
584963,90500,9,8,45.29110702676108,904,2,1,47.583743239966694,-122.27053635097346,0,3
555968,83394,9,3,94.8744395149711,1343,2,2,47.6939095336371,-122.44761672490532,0,2
418717,50079,1,8,6.060490771490978,2282,2,1,47.76199326197732,-122.40332188185415,1,3
159101,66220,3,9,68.53953434460057,2064,4,3,47.512493206702,-122.20770851106685,0,3
595972,71874,4,3,2.496622212005717,1684,1,3,47.749190729405825,-122.20410154793197,0,3
388790,43859,7,3,17.143417671054273,1246,5,2,47.671399901491576,-122.34621848409353,1,1
990617,80460,4,2,45.357899992283414,2225,1,2,47.68224152617257,-122.21971906256084,0,2
647337,61419,2,8,45.48724428028682,3688,4,1,47.65694740024179,-122.34318079658294,1,1
834965,148865,7,1,68.5700542933644,770,2,2,47.76234253098509,-122.41252356155165,0,1
460260,38705,6,8,91.02130348677566,5365,3,1,47.51303000717069,-122.41993021357037,0,2
983811,72880,3,7,63.90321589149208,4456,2,2,47.578308517460755,-122.22114828838956,1,1
692673,53236,6,7,95.35350978515088,671,5,2,47.76272876165775,-122.44826608330784,0,1
750419,117955,6,3,88.16156398779977,773,3,2,47.72570371075958,-122.32611026253946,0,1
533374,115514,5,1,58.449979553079025,2806,2,3,47.50529354805358,-122.33334247958119,1,2
820777,133145,4,4,83.37919509188274,1658,3,3,47.65510188496291,-122.2781134946041,0,3
647577,45358,1,9,64.2577610323634,2206,1,1,47.6588718042138,-122.35022712774257,1,4
472370,129713,6,5,7.8557830923727145,2271,4,2,47.62026464053837,-122.41831430178756,0,4
987225,124914,2,1,74.05647232595099,921,2,1,47.5892179996186,-122.44918105011052,1,2
371967,132870,3,5,9.490844126734622,1709,5,2,47.7045174551237,-122.31375435894823,1,4
291232,106918,8,8,59.40827805697124,5175,1,3,47.562337139411426,-122.28430277294403,1,2
404119,149179,6,8,70.26402058582289,1390,2,3,47.73968456862151,-122.3291436163954,1,2
109540,146243,3,5,6.652760821085524,5317,1,2,47.74091114823024,-122.27849461686364,1,4
640652,44596,7,9,23.079465392653177,3767,5,2,47.62457843127184,-122.45754363926501,0,1
497827,63572,4,1,91.56722322616498,5476,2,3,47.585064403272895,-122.23525894151706,0,3
651951,108757,9,4,61.631449223289636,5717,5,3,47.58516345447721,-122.32528134747746,1,4
151991,31279,5,3,24.628601881053157,1973,3,1,47.644687397198865,-122.46194682193222,0,4
288751,93197,3,2,69.06797711480066,3743,5,3,47.7158737674248,-122.36142243873829,1,4
466326,141496,2,8,59.67764199616896,4978,3,2,47.60766060729816,-122.24656247864023,0,4
786337,92516,2,7,50.15756999179484,2681,2,1,47.68301300363732,-122.23073134196406,0,2
718992,37083,3,9,97.61869749880837,1949,3,2,47.61474533817478,-122.42060514850037,1,2
149115,139397,2,2,68.34537774075089,3596,2,1,47.591356956745415,-122.28662025258687,1,3
453151,47771,4,4,37.544110966791266,3756,2,2,47.507457854774735,-122.47000442575487,0,3
843583,59975,2,6,80.0073432076868,3656,4,3,47.50117423172062,-122.48993623857635,0,4
291962,75648,9,3,88.45832929211878,2090,2,2,47.5681623033496,-122.33188031385401,1,4
821747,78285,2,8,12.522055951683143,4739,3,1,47.6219218860403,-122.29155172620156,0,4
249143,49063,9,3,20.055297784526648,4481,4,2,47.755378350208616,-122.26126398064706,0,3
814635,97642,6,2,21.62270091277797,1935,4,1,47.73954527287913,-122.3979351284634,1,4
636226,120093,1,3,69.12118093865404,723,2,2,47.5801495787764,-122.49804237687134,0,1
453824,144390,4,6,60.30395550532833,719,5,3,47.57336213289529,-122.3561442288666,1,3
104000,116143,1,2,61.899156469858816,4774,5,3,47.56819662132101,-122.49524393638794,1,1
825948,67599,6,8,94.0773299689501,2154,4,2,47.60177120215866,-122.47240464679876,1,4
987474,81920,4,1,77.5911532807306,5028,2,2,47.6494596158685,-122.40199329324048,0,2
455754,58529,3,7,12.793692451178318,764,5,2,47.63160033160947,-122.36884838513195,0,1
351492,65954,3,2,34.7507082425181,1453,2,1,47.56548195963445,-122.41615916763111,1,3
990123,57856,9,6,43.53936461757356,5024,2,2,47.53913542298309,-122.3254404200486,1,1
599522,32573,6,2,39.59615887476049,4233,4,2,47.503773343745856,-122.48339506323457,0,3
591072,108344,9,2,66.93086091618792,3274,4,1,47.54618897159995,-122.45662608692813,0,4
138304,65367,5,8,89.18931032565625,3624,1,3,47.71160691105823,-122.29142247977337,0,1
604999,132337,2,2,30.6051463522788,979,5,2,47.573091570803676,-122.45735774392062,1,2
431593,136732,8,7,55.18771364211857,4014,5,2,47.64058054303645,-122.30806743952887,1,1
707274,129608,5,3,78.94094219135856,1853,5,3,47.67739034467697,-122.48359461377399,0,2
251836,90774,2,8,41.621805884534936,3822,3,3,47.76605227084948,-122.37778531626427,0,3
208940,53752,4,7,16.811812839929587,4378,2,1,47.76665652951802,-122.44677715896364,0,4
924926,85029,9,8,47.49509652637482,1389,4,2,47.7237201201044,-122.46710911523944,1,4
365517,47685,4,7,5.5222520743028465,4354,5,2,47.51054709761455,-122.32989016494963,1,2
767521,81693,4,6,94.23834540022769,1424,1,1,47.67252112572562,-122.22149926839832,0,3
721820,146739,2,7,7.482120519497304,2670,5,3,47.735975041249446,-122.48356388562294,0,4
979090,85961,6,5,43.84567152505782,2402,2,1,47.50518641342901,-122.37353372553459,1,3
485777,136937,2,7,52.98812610885262,5958,2,3,47.66490538409697,-122.28773936867637,1,2
724674,106908,7,1,98.53038322872855,5373,4,1,47.7573292437358,-122.36119365049365,0,2
651638,104532,3,1,16.60218236428608,2895,3,3,47.64223062275268,-122.25805121616843,0,1
717296,111994,3,9,11.443151861235856,528,4,1,47.50123186086923,-122.44610640524076,0,4
980729,86133,5,5,0.8706147062543579,534,5,3,47.50330400750068,-122.21212173849167,1,4
649639,127425,3,5,15.55714368693023,4089,1,3,47.62499081122412,-122.38445121166824,0,1
712956,91268,2,3,20.72729790676676,3170,4,3,47.546502600225026,-122.39752911011672,1,2
738873,122201,9,5,63.05809415830923,3865,3,3,47.69933519712798,-122.23761826164905,1,2
437497,68243,2,3,21.97067903914004,1088,4,3,47.71263977947184,-122.33083989043247,0,2
307869,87384,2,9,2.052081472932521,3718,2,2,47.553363938638185,-122.34506669742916,0,2
165953,61653,8,9,82.66183455024887,3638,5,3,47.76655998655734,-122.28190662414147,1,3
943890,56657,9,6,36.55957010039668,1403,5,2,47.63257235349368,-122.32604972851567,0,4
600328,69952,7,1,35.369668658073394,4586,5,3,47.542853772277574,-122.45124530657287,1,4
906790,52180,3,7,30.247902916792658,2669,5,2,47.729275479420814,-122.29774071314053,0,2
103267,127432,9,7,97.53732771464209,839,5,2,47.73699235000503,-122.45995933621536,0,2
182745,108411,3,4,17.011541730928148,4770,5,1,47.69178864179963,-122.25824268839979,0,2
976020,31622,5,8,89.82380639532352,2214,1,3,47.75603966596076,-122.20307902068632,0,4
924945,78756,9,6,77.68033321398879,5192,3,1,47.7212118916092,-122.38678371250757,1,4
257164,70809,3,4,7.6479955499313075,5046,5,1,47.764661721168096,-122.3665732305394,1,2
635626,46725,7,4,98.67291015008487,1056,3,3,47.63016641454564,-122.48606990335516,1,3
231484,91396,1,2,27.136596353901055,5755,5,1,47.72427913842983,-122.49588004357523,0,1
631831,81226,4,2,9.858292702241233,3587,4,3,47.79992546902871,-122.2235741995371,1,1
992323,136296,4,4,82.93142341257594,5952,5,1,47.71747935925588,-122.46141278186825,1,1
160692,111182,7,5,70.66755336776998,3766,2,3,47.53425513407114,-122.36626637573217,1,4
320156,112565,8,8,61.72188058779008,4067,1,3,47.65549561672875,-122.25539361284333,0,4
323992,59402,1,6,15.598086369893316,2556,4,3,47.67620433737291,-122.2332043720215,1,1
616771,34263,5,4,47.84961162559619,4399,4,2,47.55226320252142,-122.34418069441496,0,1
930857,126523,7,7,78.05560268872138,1516,2,1,47.78886749025341,-122.33049024250721,0,3
663044,76828,4,8,30.362393814384024,2562,5,2,47.552673933290386,-122.29909480826102,1,4
643176,77924,4,2,31.168982851504147,1338,1,1,47.55326737591397,-122.21158525895689,0,4
791095,104182,4,7,0.3140906048122116,2137,4,1,47.77455014139236,-122.31919901171665,1,1
933727,123065,6,2,17.424340164537956,4821,1,1,47.6395616299365,-122.33215742216309,1,3
214352,89052,7,2,87.54056251218343,3996,4,2,47.518956483782354,-122.4956397594202,1,3
969474,41664,2,8,44.17464916377071,2313,5,1,47.679456249981556,-122.47571508939329,1,1
185999,65737,5,2,98.4234499234434,3979,4,2,47.680547904589915,-122.3268485120128,1,1
117955,131332,4,9,39.57079635737926,1951,4,3,47.51935022760597,-122.21912788365785,0,4
924273,119563,3,1,71.51864547802413,2813,3,1,47.7917567486901,-122.23999259548019,1,1
170640,59373,7,9,28.191904290472912,2014,5,1,47.66320898958837,-122.20522632310234,0,2
296582,147369,6,1,36.38096411409335,1731,2,3,47.66793871665393,-122.34164978873162,1,3
844086,66397,7,2,19.072598759089466,2145,2,3,47.65603462435072,-122.26362071846867,1,1
500573,116145,5,6,34.7062368499395,3499,5,1,47.683219533893386,-122.2478799005532,1,2
525695,131371,6,6,54.72375204206431,3940,2,3,47.57928992583213,-122.30559050280074,0,3
161476,68709,5,1,99.17728809792494,4556,5,2,47.58617240439245,-122.39837502873564,0,2
406955,146074,7,7,66.42017130717856,805,2,2,47.65340172693884,-122.35900646960266,0,2
267280,91120,2,8,19.924595440831403,4036,3,1,47.74200575642907,-122.24262487832694,0,1
775510,49250,5,2,4.496144159155113,2223,2,2,47.514959372948255,-122.41043562220536,1,3
695468,51172,6,8,12.63564813145106,2189,4,2,47.681021263666075,-122.22287706062001,1,2
798646,41555,6,9,56.255520127304735,2017,5,1,47.74203344275189,-122.4310580975732,0,4
737144,117410,5,6,76.51603288167664,5987,1,3,47.54707518161117,-122.27514507545297,0,3
954882,108617,7,5,94.0419207300747,4417,1,1,47.50450676259417,-122.31083222969627,0,4
514568,83276,8,9,1.5823171996820817,919,5,2,47.593813988542436,-122.27512016766377,1,1
286141,87492,7,9,52.27601415618698,3436,3,1,47.67644311201888,-122.36879572827023,0,4
998320,83002,5,1,47.086735622317676,4362,2,1,47.54148495202142,-122.2202076812338,0,3
734736,119599,1,3,65.6055021975704,4729,3,2,47.62783671129174,-122.31025833927656,1,2
638685,102355,5,9,55.95788544653419,1950,1,2,47.665696449212284,-122.41351125863372,0,2
278031,121248,2,2,68.70391505824806,3596,5,1,47.679664928427194,-122.30846347880436,1,3
219180,54762,5,4,65.80825847491903,3761,5,2,47.582323516300114,-122.41395527583789,1,2
166234,41046,5,4,11.70117248579462,1664,3,2,47.62000889079589,-122.41191028247204,1,4
664242,126999,2,2,79.97179136187196,2369,3,2,47.73350176872027,-122.38012044651374,1,2
278352,146021,5,3,12.323257571632485,2319,2,2,47.782364408236205,-122.24427087472927,1,2
179459,58769,4,3,69.85306252091371,3205,4,2,47.75856409933547,-122.3499106376818,0,4
509995,83302,1,1,41.614536764060674,4015,4,2,47.66928505052003,-122.29632974733094,0,4
295004,53150,3,6,51.38507345765979,1842,2,3,47.62308784088318,-122.38240967791766,1,4
566152,98247,1,8,90.32980143757105,2726,4,1,47.599886984311425,-122.42091836805794,1,1
825256,34853,5,3,88.98837264734865,1579,1,2,47.5374869698252,-122.21360795178514,0,4
159163,124613,4,5,81.78563056550296,5774,4,1,47.531965374164834,-122.31892562586309,0,4
575853,119399,7,1,51.014838045632324,4706,2,3,47.706507287474096,-122.21981459842519,1,1
151934,51792,5,7,73.62398101338331,5063,4,2,47.577938324851345,-122.43897609934051,0,2
820255,89129,4,1,51.289705551880935,3279,5,1,47.57639850592973,-122.45593175082612,0,4
525523,136019,2,9,86.96060824747775,3028,3,2,47.799458516343336,-122.24325312786283,1,3
940530,104478,4,8,40.27758332328999,1313,1,2,47.55637778736214,-122.29572483621483,0,4
554137,143811,2,7,97.02353444148768,5868,5,2,47.544417927846645,-122.4440264502239,0,4
105486,144130,8,7,93.23227582288776,5589,5,2,47.52960556832797,-122.41919208980094,0,1
239407,97298,3,5,74.16026194517855,2531,2,2,47.673941603550034,-122.25980081754241,0,3
973332,61987,9,5,27.9415884176072,822,3,2,47.688359147800625,-122.36383941400122,1,2
750308,45850,4,5,13.16535887932584,3469,3,2,47.60956837787706,-122.29883784804818,0,2
727083,42112,6,1,85.47034500931974,1403,1,3,47.66062400065344,-122.4044943933592,1,3
320184,54058,5,8,16.530228613796126,2041,2,3,47.73651985928347,-122.38563101416754,0,4
766490,75420,1,1,85.42607889973357,4003,1,2,47.74543125049652,-122.20278623241308,1,1
449652,68890,9,4,49.07650067123605,3153,4,2,47.78737362271469,-122.42571487384758,1,3
861315,96017,1,9,40.65567838081042,2976,5,3,47.74728039577686,-122.34806308688904,0,3
742612,77304,8,9,90.31907788344292,3840,1,3,47.66945243101522,-122.24667929704285,1,2
422710,62921,9,5,60.38509825402779,4743,5,3,47.553897089751054,-122.42823303590025,1,1
297775,135921,9,4,57.661400712971776,1641,2,2,47.52992906731085,-122.3754358729947,1,3
389336,31524,1,3,55.87659446243977,1349,4,1,47.51635356697326,-122.31547261378901,1,1
887494,130424,2,3,37.11695160195314,866,2,1,47.69995774953561,-122.35564355455747,1,4
708364,45048,1,5,78.56431035291273,3397,4,1,47.7422608766194,-122.3621493200289,0,2
189780,65111,2,1,25.2798444015773,1589,4,1,47.652605185205225,-122.39124708060336,1,4
252617,67904,8,5,93.88949600412751,4541,5,2,47.51641425245009,-122.32400610166752,1,1
645977,84912,5,6,89.39852050469608,2538,2,1,47.6606411723774,-122.31268819062292,0,4
897606,64008,7,7,33.748032567489815,3360,2,3,47.78072477845736,-122.3040131377296,0,2
450605,30060,2,9,72.94637698316637,4770,1,3,47.679283957279736,-122.47888956762819,1,1
989465,104666,8,3,57.32231944495915,2354,2,1,47.74282824653884,-122.31068974728639,0,3
633636,113559,6,2,33.76493019992346,5183,1,3,47.74004579451752,-122.21402884636564,0,4
138102,85337,8,3,98.85216479954467,994,3,2,47.77963872993419,-122.33770412934157,0,2
174460,140616,1,9,2.5237345848264203,5733,3,1,47.73106862969496,-122.28541987524723,0,3
464778,43350,1,7,25.264603062128664,3682,3,1,47.72431015420393,-122.33298030767223,0,2
189930,54354,7,9,52.00740611111504,2284,2,2,47.57023079949119,-122.24357781442241,0,1
631089,75186,8,2,52.19530034785639,4010,2,3,47.51797754659633,-122.22112507162073,1,1
727438,58145,3,5,58.89330749455641,4286,1,2,47.65527983951614,-122.4447340302111,1,4
827627,64020,5,4,75.16761720229192,5766,4,2,47.537330262384025,-122.36894198903286,0,2
279208,116123,1,2,62.34778305192964,4630,1,3,47.788658762883394,-122.38228536972018,0,2
254697,136667,7,9,60.0281460528037,1498,3,2,47.58697742878991,-122.37843546301022,1,2
313945,105186,5,9,5.351446291304329,5928,1,3,47.755883261015285,-122.46234274563163,0,1
331915,115469,8,6,37.65302877892983,5633,4,3,47.61628738756074,-122.25591528220579,1,4
827952,50581,8,6,23.2055739701156,4969,2,2,47.59695827495721,-122.48927012709552,0,2
308124,118929,9,8,26.537011160197544,1951,1,3,47.78054757171299,-122.34153201768186,1,2
537477,53051,7,6,55.43374743403449,2251,3,2,47.60899677162587,-122.3014364835866,1,3
625830,81474,1,1,19.95053149296084,2780,3,3,47.61708637259894,-122.43775916858233,0,2
383821,121748,3,4,29.394910101689753,5300,2,1,47.53182753388387,-122.22824494237037,0,4
277804,144618,8,7,23.70847085173401,5158,1,3,47.70113399958475,-122.24843523789256,0,3
805703,99626,3,2,94.85029432181948,3434,4,3,47.58665182434326,-122.35867488115483,0,3
139081,36960,8,9,94.46657321710951,4234,2,2,47.67568125035185,-122.37665532029796,1,3
818216,65772,1,8,60.99415585960517,3846,1,3,47.67740551121596,-122.42902962243667,0,1
455249,51520,5,8,92.45224687318999,2373,5,1,47.71575990867873,-122.28100203260651,1,3
319930,79481,4,7,78.58126454683732,5034,3,1,47.72357244585173,-122.4604768601104,0,2
905497,66408,5,4,58.99478828018088,4303,4,3,47.65433573032046,-122.29592867384687,1,1
617313,124006,8,2,0.6435211496795712,2479,4,3,47.59929758428102,-122.24726290416447,0,1
314532,87134,4,3,77.2516286079404,1198,4,1,47.751235268450415,-122.43145852722489,0,1
712380,50491,4,6,70.24883415884689,1812,3,2,47.59295969482255,-122.24007177913037,1,1
619332,31341,3,5,61.5253653282414,3462,1,1,47.6522527283408,-122.49000304016815,0,1
416837,74623,7,8,76.04243116824718,3438,2,1,47.62037577496112,-122.22616378438404,0,1
389106,120327,3,6,51.29221647747657,5287,1,3,47.7565235157909,-122.46449133164461,0,1
128295,30338,3,6,70.4083271321339,2800,2,3,47.62957555934375,-122.30627224661859,0,3
113807,101431,5,1,93.51720867264933,3697,4,1,47.615829756651245,-122.42497525932582,0,4
535564,42254,5,4,37.580501584608626,5796,1,2,47.70694710786929,-122.24903428264912,1,2
257504,81860,6,5,70.81218349006254,626,4,1,47.68073233295843,-122.34630989172535,0,2
338067,41344,8,3,47.568781801095874,1691,5,1,47.53217405004875,-122.45942764262605,1,3
585008,31750,6,9,67.43996518139815,3139,4,2,47.65245064190319,-122.32870252860221,0,3
792440,84756,1,1,76.28933355543641,4889,4,1,47.72064351649997,-122.3776352169409,0,1
494540,97957,8,6,4.545250043579596,4416,2,1,47.797622429377405,-122.30156565501608,1,4
977699,135423,8,6,64.66004439486619,1866,5,3,47.6887440501911,-122.23542901457097,1,1
617923,88053,9,5,22.674118440694457,1519,4,2,47.611087919932395,-122.37718326064497,1,3
266981,100855,9,5,67.00325378075668,4579,4,3,47.56784547994064,-122.41303579613984,1,1
844699,45896,2,5,46.83301859338135,5014,5,3,47.761849070245994,-122.49564547164172,1,2
119870,85761,2,6,77.35527418648871,5039,5,2,47.744369563634045,-122.32754828864203,0,2
303196,92552,3,8,12.340081520559643,1184,1,2,47.570176846233814,-122.37931756977058,1,1
348683,107454,1,2,62.63223516561951,4129,2,1,47.56018962704397,-122.38760523429555,1,4
334677,148681,4,6,27.847072892755232,3387,5,3,47.71454103304335,-122.44511940361474,0,1
126790,120600,4,1,85.29819953305915,1962,5,2,47.594485618575625,-122.37098339644263,0,1
743162,142153,9,4,92.83835056363074,4586,3,3,47.59191963950859,-122.204667413925,1,4
911721,57935,9,3,99.63982936790555,2761,5,3,47.545687074120295,-122.41067375389832,1,4
548345,67641,9,9,79.60074024272834,4680,2,2,47.57919265591295,-122.32008867597757,1,4
849074,59711,7,3,75.37340704280045,3341,4,1,47.628252267277794,-122.2670539356053,0,2
587462,100342,2,6,21.550075886755103,2267,4,3,47.71985150118172,-122.27525265304705,1,1
639773,136896,5,1,33.600705899010876,4680,4,2,47.60089242832412,-122.40136771375222,0,3
930914,42182,4,6,46.56825417622795,4060,4,1,47.59858130184395,-122.31674197494495,0,4
186188,117833,8,4,77.33810477822497,2612,3,3,47.58547397576573,-122.23862059441896,0,4
629036,86276,2,8,91.49658650779686,5258,5,2,47.643485100253315,-122.49536577168007,0,1
842129,49541,6,9,18.91391000229846,1126,4,3,47.55419100938239,-122.369279692947,1,3
764795,124457,5,4,92.23674846701029,4659,1,2,47.64568922020964,-122.43271797452743,0,1
890141,112310,2,6,69.5624652354058,3914,4,2,47.71125266685841,-122.38341031288034,0,1
748249,74813,1,1,61.077073068503864,5514,5,3,47.508937151209786,-122.37520311760743,1,4
130355,67198,8,4,19.98412712819395,1875,4,3,47.502933814091726,-122.27599871056401,0,4
811131,38820,2,7,5.552503280915055,1681,3,2,47.522536873046356,-122.47185343828137,1,2
551015,54070,7,1,56.84648985079399,990,2,1,47.66069801851843,-122.34622482906025,0,3
506332,99768,9,8,65.15156833288924,4229,2,3,47.75633652495562,-122.33074156246037,1,3
256542,41122,9,6,21.078144935468824,4034,5,2,47.501465339806074,-122.35175271893446,0,4
273416,110559,8,5,55.64562058254564,3796,2,2,47.7809983913754,-122.28043802408119,0,4
405062,103543,9,9,85.64934027625736,2440,2,1,47.53188355347116,-122.38486262322795,1,4
938656,113441,2,2,83.506594545502,4908,1,1,47.75259505841746,-122.21650988090798,0,3
663586,71786,6,5,92.73551805862972,5514,5,1,47.64485642949488,-122.35545896723832,0,2
601708,124934,4,6,36.588580955688045,2382,5,3,47.69780721618365,-122.32863582711556,1,3
966651,129804,4,7,31.80495725509187,5408,2,2,47.653204895334156,-122.25234075299598,0,4
161629,36737,5,5,74.94260059808087,3487,2,2,47.64311446755381,-122.41742916822066,0,4
428184,66062,3,9,43.1112405097005,3659,2,2,47.75046982850932,-122.47743939137116,1,2
592734,84237,1,1,8.754866402778061,5922,3,1,47.726765913870345,-122.28766480649125,1,1
855195,81571,8,7,28.28011306704997,5275,4,2,47.6450206709569,-122.35509644333548,1,1
390160,55510,5,7,41.85822855314891,5030,3,3,47.533490778818816,-122.23104872471231,1,3
648248,49426,3,4,29.251642547625202,1181,5,1,47.534620887794325,-122.20519598538327,1,1
920023,67265,7,9,33.220557094732165,5754,1,1,47.74046183821572,-122.38026719482758,0,1
313920,47850,7,5,29.377590617439076,1573,4,1,47.65881718640426,-122.3753682951221,1,3
989765,148249,1,4,4.149916718307944,2887,1,1,47.644476742065805,-122.37761121933828,0,4
342804,96150,9,7,63.709470082444255,2894,5,3,47.704170052408216,-122.40263376708073,1,1
476965,117312,2,4,59.72924203534693,3193,5,2,47.75765247502427,-122.26549387067008,0,4
560857,119613,5,3,65.33834984786806,1870,1,3,47.68866194332399,-122.27230127125279,0,3
922827,104910,5,9,19.230989603362747,5244,1,2,47.72885437070394,-122.35640653883485,1,4
604492,82375,8,8,29.565454161248528,4840,1,3,47.72958115723508,-122.48660163508633,0,4
753983,65435,8,1,61.96159269449223,2656,5,1,47.606878434637885,-122.40713220954608,0,3
515916,126443,7,7,59.96275684599214,3080,2,1,47.5822249586923,-122.41230908603355,1,4
921052,87132,7,9,50.63303093542678,4891,1,3,47.740349220152545,-122.25667382613993,1,1
858574,108945,6,8,35.04132500101974,2659,4,3,47.61315363753527,-122.47372732797515,1,1
228148,112050,6,8,91.293100477469,3748,5,2,47.77100080195681,-122.2582973862872,1,1
906991,125402,9,6,33.97702422988438,4231,3,3,47.520907209019036,-122.29924490434026,0,1
586261,32983,6,4,45.56191564372516,4329,3,3,47.5174652536226,-122.28026756226086,0,4
455540,127241,2,8,67.81138309542088,2127,4,2,47.77810124803042,-122.37033604372449,0,1
292714,50662,2,3,54.302143086676416,3972,2,2,47.69453647425443,-122.29608226119947,0,4
831899,53510,5,9,34.68859763643856,527,1,2,47.6138798069345,-122.31729131658793,0,2
383876,108187,4,2,43.564479045650984,2485,5,3,47.72651812444485,-122.26930594143141,0,4
359747,70998,2,2,79.44808178535061,4653,1,2,47.70169804299809,-122.36596904965953,1,1
715650,86846,3,7,27.812915548661245,2021,5,1,47.65936031404588,-122.3581523125311,0,2
523570,124071,7,4,14.225523977681542,796,3,1,47.529662002798794,-122.30692713317805,0,3
375987,36640,8,8,31.31632018297771,2681,1,1,47.74365387618782,-122.46757675190008,0,4
738353,74547,6,9,84.95342154879013,3902,4,3,47.759806957204184,-122.36912666549071,1,1
958158,84620,5,7,8.898971485634666,2796,2,1,47.551650606565794,-122.20841474642206,1,1
117640,45317,1,5,99.16960733724518,3097,4,3,47.75515349559312,-122.48873430398199,1,1
152528,145608,8,8,54.10028989276625,1401,2,3,47.76335419330497,-122.40519858314008,1,3
924845,37564,3,4,98.4845743967094,1598,1,1,47.66482858368655,-122.40576705427318,0,2
359214,57345,6,2,93.89964220859775,2177,1,2,47.696853710866804,-122.30996076422927,0,2
939070,143824,3,6,45.28137142109168,3381,2,3,47.614671196004345,-122.46825989217275,0,1
601108,124223,7,9,19.84910746053491,5787,3,1,47.58453749425278,-122.31143679073634,1,4
734421,109273,7,1,16.488477656513844,5366,5,3,47.71659494408549,-122.47148792780452,0,1
468501,104859,9,7,23.99893638699575,1878,4,2,47.75856254470474,-122.4715139057745,0,1
824226,110765,5,9,71.01326405645374,1748,4,2,47.69622326588672,-122.28154499284345,0,4
250159,140017,8,9,27.294999473148785,4235,4,1,47.653477183193964,-122.40275944785016,1,1
272502,104038,8,3,34.142526960429834,4741,1,3,47.54767743005325,-122.20677311568588,1,3
255576,82393,1,5,44.877880399461475,1764,4,3,47.51603761378144,-122.48879411906934,1,1
965291,96081,5,8,91.32326804214563,2407,5,3,47.633707537074024,-122.36646800088461,0,3
986089,132650,3,8,18.939341788484608,1558,5,3,47.51480486910923,-122.4660592186978,0,1
111023,59430,1,4,0.5026552609803114,3249,2,1,47.670800389572165,-122.39458630997257,0,2
645735,105532,4,1,6.0096410378170155,2548,1,2,47.614818757395334,-122.20053326481728,0,4
488043,57788,8,1,90.4766341680118,4748,5,1,47.727156735904586,-122.23334724647844,1,2
386103,125505,3,4,64.7516464843363,2976,3,3,47.59169454905086,-122.48550267734338,0,1
166203,78543,2,6,27.304061932780677,4516,1,3,47.677894810290226,-122.3310232468523,1,1
260775,43919,9,8,17.719250101119112,5103,1,2,47.66130505652653,-122.30565330855268,0,3
109337,99346,5,6,29.426673663711433,3697,5,3,47.501413727656676,-122.43713961281496,1,1
670715,126122,7,9,11.479692725128011,5086,3,1,47.521716819479295,-122.45646832798107,0,1
614723,69974,2,9,94.1532910284441,4053,2,1,47.5871104637458,-122.22868565960034,0,1
423673,137309,9,2,78.42061743652668,4940,5,2,47.764670524306226,-122.209355067555,1,2
464167,46371,9,1,46.23911769125407,2261,3,1,47.544104486469934,-122.20243214280411,1,3
446809,75084,4,2,86.49626051152019,720,1,1,47.71326829913816,-122.26307146787961,0,2
730075,59629,4,5,24.945820429323227,5318,3,1,47.79200996984569,-122.30094937917842,0,3
787281,81184,6,4,71.71205684721936,5123,1,1,47.73717026580734,-122.39628092434211,0,2
395451,91916,6,4,85.61324990137435,3388,5,3,47.57288360850611,-122.44858050630258,1,1
520571,103972,1,9,35.67687116232726,2164,5,1,47.77250957812392,-122.47630582019013,0,2
227016,92187,9,8,75.74644454507177,4486,4,2,47.527932146952516,-122.29201075943456,1,2
891267,42984,2,6,29.507234926430936,5076,4,2,47.64044258256122,-122.26458297544619,0,3
644447,63039,5,1,29.88571352590308,3477,4,1,47.76626257231792,-122.25206390426351,0,3
597562,115431,9,2,10.705717855418605,2371,5,2,47.69237971277706,-122.22587049900886,0,2
802965,113691,4,6,44.00580465093987,1962,2,1,47.62409336941831,-122.2360211309085,0,3
483934,88606,3,2,72.97119064974223,844,5,2,47.58784386002115,-122.20007761832258,1,3
992048,40616,7,5,94.02208055712849,544,3,2,47.6125298215955,-122.42678079670982,1,3
965184,132665,6,5,60.379699192909605,2568,5,1,47.652682534302784,-122.27100771543634,0,4
417428,135373,8,6,86.3135537735739,2014,5,1,47.595713178961844,-122.32406214628756,0,3
419187,80072,3,6,82.24946492902271,3098,1,3,47.79069035862469,-122.42162646026392,0,4
790907,54574,5,6,17.334305297528086,1501,1,1,47.77992329591984,-122.20542840331392,1,4
983439,33430,4,2,48.58174289126315,1533,1,1,47.76120144046429,-122.23063056856773,0,3
182844,149123,4,3,11.692353552539148,2540,5,3,47.6265489506568,-122.46144529946676,1,2
651820,42676,4,6,68.2153161561635,773,2,1,47.707390530800566,-122.49215249730297,1,3
265421,40816,8,8,94.98996682460759,5551,3,1,47.77084879211079,-122.2935007713002,1,1
222402,62733,6,1,13.70894580787565,3147,3,3,47.75512884630368,-122.31876081134304,1,2
218012,115680,3,1,73.38831308025414,2279,2,1,47.62429810420606,-122.21925531276666,0,4
538661,32050,5,2,63.2238150867861,4976,2,1,47.53371581479668,-122.42979841385188,0,4
498929,139996,6,6,58.36050370080997,5948,3,3,47.52268910915036,-122.4746836156315,1,2
680466,63933,5,9,39.012023468833924,978,4,3,47.67311921356771,-122.4222353998684,0,2
673695,54951,6,4,35.513164775381256,1015,1,2,47.69278838056328,-122.49432170784657,0,3
563556,62413,8,3,4.524918901888785,4786,1,1,47.7549527813791,-122.48923217464332,0,4
675278,64801,7,8,21.790870825201345,1691,3,2,47.58775450610231,-122.22554265822377,1,1
229473,85619,5,9,1.5176882286826898,3168,2,2,47.55024114716501,-122.39439502524944,0,3
578007,62913,6,5,58.14171055820205,5756,4,3,47.61370174995346,-122.3767572996971,0,2
944573,142573,4,9,10.585323587790885,1911,3,1,47.60607253708968,-122.49448850363856,0,4
517009,149076,9,2,87.30193940297161,3780,1,1,47.539740686205356,-122.41884346594844,0,2
418714,70600,4,3,52.314302069716526,771,5,3,47.70168479575394,-122.25858220487757,0,2
326156,87775,1,7,69.96899090587084,642,2,2,47.65260758221881,-122.31535271209998,0,2
268964,120816,7,7,41.08570918404965,5688,5,3,47.71633682683443,-122.27386581967407,0,3
625303,120093,7,6,56.057980900104866,3832,3,1,47.60580733605092,-122.36583587776187,0,1
161813,142590,4,6,94.26591769666305,1287,1,3,47.59771066347331,-122.4070812334746,0,1
127712,65400,3,2,8.273403962367077,2181,4,1,47.64177275591315,-122.3551569720015,0,4
724785,34494,8,6,25.393777192369615,1122,5,2,47.76322220361854,-122.40307867947827,1,2
867214,110688,5,4,77.99883269105443,4341,4,1,47.51208439202019,-122.24830867099779,0,1
212816,119431,7,3,9.873720688266586,4176,1,2,47.74144984518894,-122.41069788532215,1,2
228778,104691,4,2,7.566110390411085,3072,5,2,47.610696283797324,-122.30207090786408,0,4
686580,127419,4,1,36.15413987540386,5533,4,1,47.75638570773654,-122.45890533330714,1,2
385977,138730,8,5,9.216795847243231,3760,4,1,47.74066090265075,-122.29394005187953,1,1
235230,73001,8,2,58.507844220620306,5714,5,2,47.60462837421883,-122.22601008651999,0,2
818040,97364,2,2,22.627525081659982,5212,1,3,47.70816296059648,-122.31742505360803,1,1
906741,75028,2,7,89.56979631993724,5627,4,1,47.54788982703203,-122.33204338598966,1,4
369114,137434,3,8,78.35000808452567,566,3,2,47.76888446564914,-122.21166451959351,1,2
434618,127659,3,8,69.97052060994761,4786,5,2,47.62134731933557,-122.31178103340525,0,1
932972,67573,1,4,61.694402738450194,5116,2,3,47.63668768460656,-122.42213487001807,1,4
251456,30806,3,1,86.34657303414633,5585,2,1,47.71172771531109,-122.41228269284568,1,2
904449,86638,6,7,22.30620615427569,1640,1,2,47.746252071011455,-122.28840800723923,0,4
962312,136506,8,1,87.31088427642277,2814,3,3,47.57090282299846,-122.27936902183235,1,1
205570,59757,6,4,78.94922984240523,3032,4,2,47.6984050419631,-122.4089511304633,1,2
370846,64636,5,8,74.81608263876855,4080,2,1,47.617599413166744,-122.3963968066221,1,2
100404,110097,4,2,56.1255678074924,1687,1,3,47.61061087720119,-122.20268304737827,0,2
803286,78280,3,6,24.62441609706001,4971,3,2,47.707007747182196,-122.46941423512591,1,4
374907,54262,4,6,42.35479159918963,5248,3,3,47.616154982246776,-122.37860649146798,0,4
773744,110435,7,9,79.35706545388015,3839,1,1,47.60383255004932,-122.48126574064075,1,1
815460,92211,1,5,3.1778484357324444,1048,1,3,47.75076652243787,-122.25367649140053,1,3
984574,84842,7,4,78.20507692637582,5693,4,1,47.530382837149304,-122.47229624831637,1,2
765220,86979,1,5,24.00707404875665,4587,1,2,47.70276778684906,-122.29779779306119,1,2
335365,144524,2,5,14.430920072160303,572,4,1,47.57461761813719,-122.48305497279895,0,1
442786,111470,4,8,11.570131818030216,698,4,2,47.504649472547854,-122.29814348865709,1,2
150612,68197,1,8,2.725001195081511,3701,5,2,47.55002928066181,-122.2470889159217,0,4
910006,71844,9,2,52.35864852214529,2281,3,1,47.68199845893276,-122.38035354192279,1,4
909956,94754,6,7,21.82598726937295,1071,3,2,47.71273815744578,-122.34336205197035,0,2
300244,131868,1,8,98.94317657796316,1290,3,3,47.506317335066896,-122.37953747859842,1,2
897348,64157,1,6,57.443675587220575,2138,5,2,47.510927632990516,-122.40985337241021,1,4
104809,107129,6,5,13.788526935601041,2331,4,1,47.770762634452886,-122.25902097981187,0,2
263273,70042,4,9,68.87625408113654,2355,4,3,47.521991745434114,-122.4183992278807,0,4
808690,91665,4,3,89.77435665097254,1674,1,3,47.76825464758497,-122.28311697268317,0,3
244528,145512,6,4,74.51794953696144,4240,5,2,47.56844977412527,-122.43814087622344,0,3
606964,146953,7,9,7.6439861039447665,3777,1,2,47.72200534004746,-122.4250438611765,1,2
549613,112856,9,6,89.58841811926595,678,5,1,47.5929199746838,-122.39906165122683,0,2
138765,57376,5,8,79.39293858599648,2744,1,3,47.757625607682755,-122.32325308678186,0,2
931538,139049,9,7,15.830390010561434,4586,2,1,47.71013645962731,-122.36367330425215,0,4
416076,85554,4,2,5.1785888732816865,1234,3,2,47.62054403758051,-122.27645655705166,1,3
943523,44199,2,3,55.73105753143085,1298,3,3,47.52289073625222,-122.43592980989914,1,3
646237,148533,3,1,15.60358113399769,1287,4,1,47.71981005516124,-122.49679831364536,1,1
301152,111412,1,9,83.4590952595272,3295,2,1,47.68506542678955,-122.26703275846444,1,1
399888,80948,6,7,35.833465667167374,4804,3,1,47.500873515350136,-122.25350519983598,0,2
800903,103781,6,1,91.28924447365753,5088,4,1,47.50282595679173,-122.48215595106748,1,4
994751,102750,1,3,56.56881721410058,3584,2,1,47.742637891957806,-122.31672774335249,0,2
192193,96262,3,4,18.267238423966813,3418,3,3,47.577819921640554,-122.38653796483808,1,3
136187,147424,5,4,13.95988673598001,1231,1,1,47.69084010031842,-122.26183130344165,0,2
605950,76600,3,5,57.64724375577539,1629,5,3,47.636264325929574,-122.23767563374106,0,2
238311,106898,3,3,76.18836118624439,3946,2,1,47.75902900435653,-122.24469886996083,0,3
900921,92483,3,3,78.15056477421821,2105,4,2,47.775088333930746,-122.26683872579474,0,3
608153,48297,5,1,27.575740444128126,4278,2,2,47.79904231380365,-122.41928433137736,0,3
289089,60448,5,7,20.424675891216747,3245,4,1,47.54610524074217,-122.2564331069295,1,3
686165,56172,4,1,1.6756304492382412,3670,2,2,47.75888921394264,-122.33995645722811,0,1
536341,72874,1,2,67.91991512011694,5189,4,3,47.57980641301864,-122.48417301555037,0,4
412066,37657,5,4,7.656825843353898,3433,3,1,47.67724476246865,-122.36291834503052,0,4
718362,114386,5,4,42.07612017659258,1715,1,3,47.651731850160765,-122.217352624891,0,3
787409,55425,4,5,60.16821640182961,824,3,1,47.50539643947172,-122.23364219507934,1,4
661419,56685,6,2,93.71089449196771,5574,1,2,47.779831383971825,-122.46932071570086,1,4
740053,142855,4,4,31.180213695576864,2350,3,3,47.523498116544765,-122.27676199428569,0,4
960395,54578,7,1,24.977216244651977,1990,3,2,47.70646567582232,-122.25826214021254,0,4
731172,58831,7,2,65.41601542860984,1393,2,2,47.73550205086248,-122.41858354352897,0,3
225917,37906,2,1,61.923903205358165,1890,5,1,47.7385863547143,-122.35851742877767,0,2
910717,91413,3,4,33.21097833081246,3889,4,3,47.540648355678655,-122.2867036175609,1,2
399770,84028,1,4,92.81018355097865,4739,4,2,47.63427098515239,-122.36828755335365,1,2
798168,37287,8,7,84.48623274896327,4979,4,1,47.74882866113019,-122.46616092434003,0,1
581680,63660,9,9,22.398254586508116,2763,1,1,47.59080376311363,-122.28823526659549,0,4
381342,105758,4,9,23.91425454345232,3932,4,1,47.640324602612395,-122.22650839307941,0,3
639542,90504,6,5,51.23003468870806,2871,4,2,47.581838167809956,-122.30425458147815,0,3
144238,89720,9,1,77.35721017307203,3586,2,1,47.639065425365594,-122.26785977542929,0,1
101252,132979,6,1,4.4040379388464395,4812,3,3,47.76635137677786,-122.39249123930266,1,3
926196,64701,9,6,69.33351537347066,2015,4,3,47.63653726930983,-122.44504052646201,1,2
964141,113300,4,2,64.82358973820969,3417,5,2,47.666773605122295,-122.30716790151452,0,1
585450,140177,8,8,23.148009591298823,2852,4,3,47.621192884990926,-122.40166863824764,1,3
415826,47674,9,9,68.13530132413487,1667,1,1,47.638035154960995,-122.24197794430306,1,1
421638,113560,4,4,94.01831912520827,610,1,2,47.504552259713925,-122.4632115850066,1,1
705605,141543,5,5,4.6785844971768515,5609,1,1,47.58512365298814,-122.36996089008007,0,3
427359,53874,8,8,31.96520552920625,4827,4,2,47.63097451652255,-122.38098171985949,1,2
702875,73642,6,3,43.817671666635526,4155,2,2,47.690139092797814,-122.21858384393383,1,3
106949,127820,7,5,89.92603589246896,4293,5,1,47.635015579166165,-122.45405955981867,0,4
863185,95160,3,3,96.22614466091566,2255,4,3,47.60134511299647,-122.49704595249639,1,4
417537,47602,7,3,44.41152464963323,2077,2,3,47.61642962060325,-122.42857443615786,0,3
828913,133320,8,3,75.00284121421912,1796,2,2,47.57268799876014,-122.25391694206941,1,2
762301,118801,6,7,53.1661023764483,4274,4,1,47.777348284832215,-122.4372034551859,0,4
650222,55931,9,7,53.77829347413765,2720,4,1,47.656522967737274,-122.42773658088835,0,4
880722,124377,6,7,27.809951506635645,1472,2,2,47.50402283616164,-122.46103035863895,1,3
555102,59192,9,8,21.69562458638795,1530,2,3,47.505833877525866,-122.28536913901704,1,3
437889,76542,4,5,28.800534592404116,3093,2,1,47.79188849048561,-122.47924774284837,0,3
576467,72520,8,5,55.63280072570793,4492,4,3,47.566435267411975,-122.40063750930145,0,1
456600,94772,4,4,2.9155186022088997,5113,2,3,47.741682486644294,-122.41525038201371,1,1
415557,88762,2,7,90.72489443564058,1413,1,2,47.51748259046817,-122.33345208106296,1,1
983671,80106,9,4,15.628370954977623,2681,4,2,47.77634882100836,-122.28087512049409,1,3
404462,111121,5,2,22.008867687138654,3697,1,3,47.762325101100004,-122.34013706959098,1,2
350875,55559,4,4,51.827617644764636,1962,3,1,47.67132794873035,-122.22069220210749,0,4
563389,135595,2,8,71.01147663372794,2878,4,1,47.50269959718498,-122.2145672083338,0,1
170390,63742,1,9,9.57290547443973,3954,3,2,47.577343262207,-122.39156040145045,0,2
807689,99669,7,3,31.76946975471622,4053,2,3,47.622046794219536,-122.26669588711754,1,3
353490,110199,6,7,96.86746055743572,1807,2,1,47.63801923502427,-122.27835958501954,1,1
